id,long_start,lat_start,long_end,lat_end,year
ground_1,111.1351385,-1.248903795,111.1519027,-1.248459559,2007
ground_2,111.1558195,-1.208171976,111.1720891,-1.20894905,2007
ground_3,111.154229,-1.217355016,111.1718649,-1.217851541,2007
ground_4,111.1288283,-1.248533177,111.1134035,-1.248099624,2007
ground_5,110.9343046,-1.426196535,110.9508184,-1.427056439,2007
ground_6,110.9232296,-1.425128615,110.9229595,-1.438382826,2007
ground_7,110.325318,-1.292135453,110.3077367,-1.292130693,2007
ground_8,110.3244028,-1.319564602,110.3069027,-1.318166581,2007
ground_9,110.3574514,-1.460710795,110.357015,-1.478071251,2007
ground_10,110.3518274,-1.449708416,110.352084,-1.432194127,2007
ground_11,110.3621176,-1.457446277,110.3622485,-1.439416257,2007
ground_12,110.9768003,-2.552980951,110.970746,-2.56258888,2006
ground_13,110.9775469,-2.553134765,110.9797688,-2.557133635,2006
ground_14,110.9797688,-2.557133635,110.972644,-2.570839906,2006
ground_15,110.970746,-2.56258888,NA,NA,2006
ground_16,110.9768003,-2.552980951,110.9662486,-2.547434824,2006
ground_17,110.9656638,-2.549995147,110.9622364,-2.551496874,2006
ground_18,110.9833308,-2.574748451,110.9846261,-2.5880387,2006
ground_19,110.9723107,-2.588183244,110.9697017,-2.596841284,2006
ground_20,110.9732101,-2.598026537,110.966958,-2.596859309,2006
ground_21,110.9519534,-2.581153016,110.9683527,-2.582003963,2006
ground_22,117.013521,1.546028296,117.0059244,1.541703746,2004
ground_23,117.013521,1.546028296,117.0059244,1.541703746,2004
ground_24,117.013521,1.546028296,117.0059244,1.541703746,2004
ground_25,117.013521,1.546028296,117.0059244,1.541703746,2004
ground_26,117.0248303,1.535976701,117.0257741,1.524341929,2004
ground_27,117.0248303,1.535976701,117.0257741,1.524341929,2004
ground_28,117.0248303,1.535976701,117.0257741,1.524341929,2004
ground_29,117.0248303,1.535976701,117.0257741,1.524341929,2004
ground_30,117.0112646,1.569641622,117.0026701,1.570881123,2004
ground_31,117.0112646,1.569641622,117.0026701,1.570881123,2004
ground_32,117.0112646,1.569641622,117.0026701,1.570881123,2004
ground_33,117.0112646,1.569641622,117.0026701,1.570881123,2004
ground_34,117.0316902,1.577340615,117.0378036,1.583293598,2004
ground_35,117.0316902,1.577340615,117.0378036,1.583293598,2004
ground_36,117.0316902,1.577340615,117.0378036,1.583293598,2004
ground_37,117.0316902,1.577340615,117.0378036,1.583293598,2004
ground_38,117.028066,1.487501499,117.0202629,1.486976844,2004
ground_39,117.0291628,1.49347267,117.022079,1.500194861,2004
ground_40,116.9846904,1.498955446,116.9804831,1.506229402,2004
ground_41,116.9825239,1.485411694,116.974559,1.485312096,2004
ground_42,117.2985674,1.796576054,117.28773,1.80438,2003
ground_43,117.2985674,1.796576054,117.28773,1.80438,2003
ground_44,117.2985674,1.796576054,117.28773,1.80438,2003
ground_45,117.2985674,1.796576054,117.28773,1.80438,2003
ground_46,117.2985674,1.796576054,117.28773,1.80438,2003
ground_47,117.2985674,1.796576054,117.28773,1.80438,2003
ground_48,117.2985674,1.796576054,117.28773,1.80438,2003
ground_49,117.2985674,1.796576054,117.28773,1.80438,2003
ground_50,117.303349,1.787301987,117.30462,1.78629,2003
ground_51,117.303349,1.787301987,117.30462,1.78629,2003
ground_52,117.303349,1.787301987,117.30462,1.78629,2003
ground_53,117.303349,1.787301987,117.30462,1.78629,2003
ground_54,117.303349,1.787301987,117.30462,1.78629,2003
ground_55,117.303349,1.787301987,117.30462,1.78629,2003
ground_56,117.3046166,1.786288501,117.30462,1.78629,2003
ground_57,117.3053145,1.765371495,117.31051,1.76859,2003
ground_58,117.3065632,1.759065461,117.31372,1.75894,2003
ground_59,117.2968903,1.766838499,117.29869,1.74208,2003
ground_60,117.2923927,1.753187128,117.28342,1.7482,2003
ground_61,117.2738117,1.647311393,117.28141,1.64714,2003
ground_62,117.2546345,1.640772863,117.26194,1.64025,2003
ground_63,117.2462485,1.656696911,117.24643,1.66401,2003
ground_64,117.2473176,1.65087041,117.25349,1.65414,2003
ground_65,117.2385171,1.659945793,117.23754,1.69554,2003
ground_66,117.2368343,1.645859567,117.23637,1.63735,2003
ground_67,110.926624,-2.531935438,110.930285,-2.533772208,2007
ground_68,110.9345377,-2.577578621,110.9381087,-2.582988981,2007
ground_69,110.9577746,-2.552428589,110.9620385,-2.552220639,2007
ground_70,110.5672157,-2.580699931,110.5672157,-2.580699931,2007
ground_71,111.0361909,-2.605996819,111.038593,-2.612438299,2007
ground_72,110.9326703,-2.504884843,110.9326703,-2.504884843,2007
ground_73,116.6993778,1.532264346,116.69085,1.52149,2004
ground_74,116.6993778,1.532264346,116.69085,1.52149,2004
ground_75,116.6993778,1.532264346,116.69085,1.52149,2004
ground_76,116.6993778,1.532264346,116.69085,1.52149,2004
ground_77,116.6993778,1.532264346,116.69085,1.52149,2004
ground_78,116.6993778,1.532264346,116.69085,1.52149,2004
ground_79,116.6993778,1.532264346,116.69085,1.52149,2004
ground_80,116.6993778,1.532264346,116.69085,1.52149,2004
ground_81,116.7063514,1.550649084,116.70642,1.55859,2004
ground_82,116.7063514,1.550649084,116.70642,1.55859,2004
ground_83,116.7063514,1.550649084,116.70642,1.55859,2004
ground_84,116.7063514,1.550649084,116.70642,1.55859,2004
ground_85,116.7063514,1.550649084,116.70642,1.55859,2004
ground_86,116.7063514,1.550649084,116.70642,1.55859,2004
ground_87,116.7063514,1.550649084,116.70642,1.55859,2004
ground_88,116.7063514,1.550649084,116.70642,1.55859,2004
ground_89,116.6992057,1.54142001,116.69399,1.54723,2004
ground_90,116.6992057,1.54142001,116.69399,1.54723,2004
ground_91,116.6992057,1.54142001,116.69399,1.54723,2004
ground_92,116.6992057,1.54142001,116.69399,1.54723,2004
ground_93,116.6992057,1.54142001,116.69399,1.54723,2004
ground_94,116.6992057,1.54142001,116.69399,1.54723,2004
ground_95,116.6992057,1.54142001,116.69399,1.54723,2004
ground_96,116.6992057,1.54142001,116.69399,1.54723,2004
ground_97,116.7207359,1.54569321,NA,NA,2004
ground_98,116.7207359,1.54569321,NA,NA,2004
ground_99,116.7207359,1.54569321,NA,NA,2004
ground_100,116.7207359,1.54569321,NA,NA,2004
ground_101,116.7207359,1.54569321,NA,NA,2004
ground_102,116.7207359,1.54569321,NA,NA,2004
ground_103,116.7207359,1.54569321,NA,NA,2004
ground_104,116.7266056,1.550760379,NA,NA,2004
ground_105,116.7453364,1.585150969,116.74021,1.58909,2004
ground_106,116.7453364,1.585150969,116.74021,1.58909,2004
ground_107,116.7453364,1.585150969,116.74021,1.58909,2004
ground_108,116.7453364,1.585150969,116.74021,1.58909,2004
ground_109,116.7453364,1.585150969,116.74021,1.58909,2004
ground_110,116.7453364,1.585150969,116.74021,1.58909,2004
ground_111,116.7453364,1.585150969,116.74021,1.58909,2004
ground_112,116.7453364,1.585150969,116.74021,1.58909,2004
ground_113,116.7538072,1.566885782,NA,NA,2004
ground_114,116.7538072,1.566885782,NA,NA,2004
ground_115,116.7538072,1.566885782,NA,NA,2004
ground_116,116.7538072,1.566885782,NA,NA,2004
ground_117,116.7538072,1.566885782,NA,NA,2004
ground_118,116.7538072,1.566885782,NA,NA,2004
ground_119,116.7538072,1.566885782,NA,NA,2004
ground_120,116.7479181,1.572485268,NA,NA,2004
ground_121,116.777469,1.566454181,NA,NA,2004
ground_122,116.777469,1.566454181,NA,NA,2004
ground_123,116.777469,1.566454181,NA,NA,2004
ground_124,116.7803365,1.569204828,NA,NA,2004
ground_125,116.7665535,1.498273489,NA,NA,2004
ground_126,116.7665535,1.498273489,NA,NA,2004
ground_127,116.7665535,1.498273489,NA,NA,2004
ground_128,116.7665535,1.498273489,NA,NA,2004
ground_129,116.7665535,1.498273489,NA,NA,2004
ground_130,116.7665535,1.498273489,NA,NA,2004
ground_131,116.7665535,1.498273489,NA,NA,2004
ground_132,116.7665535,1.498273489,NA,NA,2004
ground_133,116.7700788,1.485897323,116.7701332,1.481554682,2004
ground_134,116.7700788,1.485897323,116.7701332,1.481554682,2004
ground_135,116.7700788,1.485897323,116.7701332,1.481554682,2004
ground_136,116.7700788,1.485897323,116.7701332,1.481554682,2004
ground_137,116.7700788,1.485897323,116.7701332,1.481554682,2004
ground_138,116.7700788,1.485897323,116.7701332,1.481554682,2004
ground_139,116.7700788,1.485897323,116.7701332,1.481554682,2004
ground_140,116.7700788,1.485897323,116.7701332,1.481554682,2004
ground_141,116.7744928,1.484676411,NA,NA,2004
ground_142,116.7744928,1.484676411,NA,NA,2004
ground_143,116.7744928,1.484676411,NA,NA,2004
ground_144,116.7744928,1.484676411,NA,NA,2004
ground_145,116.7744928,1.484676411,NA,NA,2004
ground_146,116.7744928,1.484676411,NA,NA,2004
ground_147,116.7744928,1.484676411,NA,NA,2004
ground_148,116.7744928,1.484676411,NA,NA,2004
ground_149,116.8142986,1.491899805,NA,NA,2004
ground_150,116.8142986,1.491899805,NA,NA,2004
ground_151,116.8142986,1.491899805,NA,NA,2004
ground_152,116.8142986,1.491899805,NA,NA,2004
ground_153,116.8142986,1.491899805,NA,NA,2004
ground_154,116.8142986,1.491899805,NA,NA,2004
ground_155,116.8142986,1.491899805,NA,NA,2004
ground_156,116.8142986,1.491899805,NA,NA,2004
ground_157,116.7962202,1.49191629,NA,NA,2004
ground_158,116.7962202,1.49191629,NA,NA,2004
ground_159,116.7962202,1.49191629,NA,NA,2004
ground_160,116.7962202,1.49191629,NA,NA,2004
ground_161,116.7962202,1.49191629,NA,NA,2004
ground_162,116.7962202,1.49191629,NA,NA,2004
ground_163,116.7962202,1.49191629,NA,NA,2004
ground_164,116.7962202,1.49191629,NA,NA,2004
ground_165,116.8161224,1.504276535,NA,NA,2004
ground_166,116.8161224,1.504276535,NA,NA,2004
ground_167,116.8161224,1.504276535,NA,NA,2004
ground_168,116.8161224,1.504276535,NA,NA,2004
ground_169,116.8161224,1.504276535,NA,NA,2004
ground_170,116.8161224,1.504276535,NA,NA,2004
ground_171,116.8161224,1.504276535,NA,NA,2004
ground_172,116.8161224,1.504276535,NA,NA,2004
ground_173,116.6966347,1.475683246,NA,NA,2004
ground_174,116.6966347,1.475683246,NA,NA,2004
ground_175,116.6966347,1.475683246,NA,NA,2004
ground_176,116.6966347,1.475683246,NA,NA,2004
ground_177,116.6966347,1.475683246,NA,NA,2004
ground_178,116.6966347,1.475683246,NA,NA,2004
ground_179,116.6966347,1.475683246,NA,NA,2004
ground_180,116.6966347,1.475683246,NA,NA,2004
ground_181,116.7258681,1.48198388,NA,NA,2004
ground_182,116.7258681,1.48198388,NA,NA,2004
ground_183,116.7258681,1.48198388,NA,NA,2004
ground_184,116.7258681,1.48198388,NA,NA,2004
ground_185,116.7258681,1.48198388,NA,NA,2004
ground_186,116.7258681,1.48198388,NA,NA,2004
ground_187,116.7258681,1.48198388,NA,NA,2004
ground_188,116.7258681,1.48198388,NA,NA,2004
ground_189,116.7401443,1.475933061,NA,NA,2004
ground_190,116.7401443,1.475933061,NA,NA,2004
ground_191,116.7401443,1.475933061,NA,NA,2004
ground_192,116.7401443,1.475933061,NA,NA,2004
ground_193,116.7401443,1.475933061,NA,NA,2004
ground_194,116.7401443,1.475933061,NA,NA,2004
ground_195,116.7401443,1.475933061,NA,NA,2004
ground_196,116.7401443,1.475933061,NA,NA,2004
ground_197,116.7317202,1.482916458,NA,NA,2004
ground_198,116.7317202,1.482916458,NA,NA,2004
ground_199,116.7317202,1.482916458,NA,NA,2004
ground_200,116.7317202,1.482916458,NA,NA,2004
ground_201,116.7317202,1.482916458,NA,NA,2004
ground_202,116.7317202,1.482916458,NA,NA,2004
ground_203,116.7317202,1.482916458,NA,NA,2004
ground_204,116.7317202,1.482916458,NA,NA,2004
ground_205,116.8901318,1.574451874,NA,NA,2003
ground_206,116.8901318,1.574451874,NA,NA,2003
ground_207,116.8901318,1.574451874,NA,NA,2003
ground_208,116.8901318,1.574451874,NA,NA,2003
ground_209,116.8901318,1.574451874,NA,NA,2003
ground_210,116.8901318,1.574451874,NA,NA,2003
ground_211,116.8901318,1.574451874,NA,NA,2003
ground_212,116.8901318,1.574451874,NA,NA,2003
ground_213,116.9054783,1.565504918,NA,NA,2003
ground_214,116.9054783,1.565504918,NA,NA,2003
ground_215,116.9054783,1.565504918,NA,NA,2003
ground_216,116.9054783,1.565504918,NA,NA,2003
ground_217,116.9054783,1.565504918,NA,NA,2003
ground_218,116.9054783,1.565504918,NA,NA,2003
ground_219,116.9054783,1.565504918,NA,NA,2003
ground_220,116.9054783,1.565504918,NA,NA,2003
ground_221,116.8818706,1.562789545,NA,NA,2003
ground_222,116.8818706,1.562789545,NA,NA,2003
ground_223,116.8818706,1.562789545,NA,NA,2003
ground_224,116.8818706,1.562789545,NA,NA,2003
ground_225,116.8818706,1.562789545,NA,NA,2003
ground_226,116.8818706,1.562789545,NA,NA,2003
ground_227,116.8818706,1.562789545,NA,NA,2003
ground_228,116.8818706,1.562789545,NA,NA,2003
ground_229,116.9123643,1.576407137,NA,NA,2003
ground_230,116.9123643,1.576407137,NA,NA,2003
ground_231,116.9123643,1.576407137,NA,NA,2003
ground_232,116.9123643,1.576407137,NA,NA,2003
ground_233,116.9123643,1.576407137,NA,NA,2003
ground_234,116.9123643,1.576407137,NA,NA,2003
ground_235,116.9123643,1.576407137,NA,NA,2003
ground_236,116.9123643,1.576407137,NA,NA,2003
ground_237,116.9191251,1.570400047,NA,NA,2003
ground_238,116.9191251,1.570400047,NA,NA,2003
ground_239,116.9191251,1.570400047,NA,NA,2003
ground_240,116.9191251,1.570400047,NA,NA,2003
ground_241,116.9191251,1.570400047,NA,NA,2003
ground_242,116.9191251,1.570400047,NA,NA,2003
ground_243,116.9191251,1.570400047,NA,NA,2003
ground_244,116.9191251,1.570400047,NA,NA,2003
ground_245,116.8734731,1.576242274,NA,NA,2003
ground_246,116.8734731,1.576242274,NA,NA,2003
ground_247,116.8734731,1.576242274,NA,NA,2003
ground_248,116.8734731,1.576242274,NA,NA,2003
ground_249,116.8734731,1.576242274,NA,NA,2003
ground_250,116.8734731,1.576242274,NA,NA,2003
ground_251,116.8734731,1.576242274,NA,NA,2003
ground_252,116.8734731,1.576242274,NA,NA,2003
ground_253,116.9282598,1.545529521,NA,NA,2003
ground_254,116.9282598,1.545529521,NA,NA,2003
ground_255,116.9282598,1.545529521,NA,NA,2003
ground_256,116.9282598,1.545529521,NA,NA,2003
ground_257,116.9282598,1.545529521,NA,NA,2003
ground_258,116.9282598,1.545529521,NA,NA,2003
ground_259,116.9282598,1.545529521,NA,NA,2003
ground_260,116.9282598,1.545529521,NA,NA,2003
ground_261,110.125891,-1.335315145,110.1082096,-1.340284143,2007
ground_262,110.0911581,-1.58866592,110.0911643,-1.594898685,2007
ground_263,110.0911643,-1.594898685,110.0908296,-1.59982866,2007
ground_264,110.1093388,-1.598335168,110.1092647,-1.603419069,2007
ground_265,110.0988769,-1.595137296,110.102994,-1.594722984,2007
ground_266,110.118923,-1.594241414,NA,NA,2007
ground_267,110.1188441,-1.589483096,110.1188441,-1.589483096,2007
ground_268,110.2704407,-1.611489405,110.2708108,-1.607138169,2007
ground_269,110.2708108,-1.607138169,110.2709292,-1.602795888,2007
ground_270,110.1950814,-1.612899213,NA,NA,2007
ground_271,110.2651548,-1.611415121,110.2627556,-1.608826953,2007
ground_272,110.2700518,-1.617921329,110.2698883,-1.622544032,2007
ground_273,110.2698883,-1.622724962,110.269644,-1.627139567,2007
ground_274,110.2734893,-1.633401148,110.2690849,-1.631961147,2007
ground_275,110.268968,-1.631924919,110.2647615,-1.630313101,2007
ground_276,110.268968,-1.631924919,110.2545944,-1.629748458,2007
ground_277,110.2610669,-1.629750858,110.2573095,-1.629188586,2007
ground_278,110.2614511,-1.636201143,110.2639596,-1.635306468,2007
ground_279,110.2647686,-1.635306766,110.2652184,-1.634438469,2007
ground_280,110.1880605,-1.701722269,110.1882062,-1.697172032,2007
ground_281,110.1882062,-1.697172032,110.1882171,-1.692648875,2007
ground_282,110.1886216,-1.692721416,110.1932422,-1.692949514,2007
ground_283,110.1882171,-1.692648875,110.1977549,-1.693240881,2007
ground_284,110.1882171,-1.692648875,110.1884167,-1.688080567,2007
ground_285,110.1884167,-1.688080567,110.1887602,-1.683521364,2007
ground_286,110.1884579,-1.697199277,110.1838429,-1.683510253,2007
ground_287,110.1838429,-1.683510253,110.1794919,-1.683436045,2007
ground_288,110.1876829,-1.701785434,110.183098,-1.701855856,2007
ground_289,110.183098,-1.701855856,110.178747,-1.701835904,2007
ground_290,117.3186657,1.134480754,117.31802,1.12504,2008
ground_291,117.3077991,1.133333246,117.3142,1.12235,2008
ground_292,117.3484872,1.141519242,117.3404,1.14067,2008
ground_293,117.3455587,1.132679702,117.3405,1.13613,2008
ground_294,117.3477437,1.148111796,117.3397,1.14272,2008
ground_295,117.3447143,1.125737738,117.3404,1.12988,2008
ground_296,117.3423361,1.155004576,117.34144,1.14567,2008
ground_297,117.3410894,1.10171561,117.33826,1.11355,2008
ground_298,112.0411883,-1.425137349,112.0278,-1.42502,2009
ground_299,112.0483234,-1.44193202,112.05786,-1.43258,2009
ground_300,112.0252788,-1.361290204,112.01117,-1.36143,2009
ground_301,112.0420943,-1.460659603,112.05243,-1.45051,2009
ground_302,112.0651544,-1.509884364,112.05205,-1.50954,2009
ground_303,112.0763122,-1.587779908,112.08358,-1.57727,2009
ground_304,112.0698111,-1.529818707,112.08253,-1.52963,2009
ground_305,112.0475725,-1.63461542,112.03381,-1.63483,2009
ground_306,112.0509581,-1.610877694,112.03959,-1.60388,2009
ground_307,112.0417723,-1.664650297,112.0557,-1.66467,2009
ground_308,112.062645,-1.698252807,112.05309,-1.7071,2009
ground_309,112.095831,-1.726990029,112.08726,-1.73708,2009
ground_310,112.0897981,-1.709191803,112.08963,-1.69581,2009
ground_311,112.1916882,-1.767355271,112.18291,-1.77656,2009
ground_312,112.1511361,-1.441882038,NA,NA,2009
ground_313,112.2004571,-1.732290264,112.20059,-1.74639,2009
ground_314,117.3354709,0.376351351,NA,NA,2008
ground_315,117.3360266,0.37159395,NA,NA,2008
ground_316,117.3443659,0.368655248,NA,NA,2008
ground_317,117.3354703,0.362498981,NA,NA,2008
ground_318,117.3389447,0.35326394,NA,NA,2008
ground_319,117.3463111,0.351304748,NA,NA,2008
ground_320,117.4124135,1.18170048,117.40819,1.19002,2011
ground_321,117.4128105,1.191697398,117.41289,1.2001,2011
ground_322,117.4131942,1.173078535,117.40441,1.17331,2011
ground_323,117.4176882,1.171702715,117.42471,1.16683,2011
ground_324,117.4173046,1.190855343,117.42545,1.19142,2011
ground_325,117.4098454,1.199586864,117.40549,1.20718,2011
ground_326,117.4135494,1.204317903,117.41411,1.21235,2011
ground_327,117.4174134,1.197405378,117.42397,1.20338,2011
ground_328,114.779,-0.0177333,NA,NA,2009
ground_329,114.77335,-0.0141,NA,NA,2009
ground_330,114.7765833,-0.0176833,NA,NA,2009
ground_331,115.0167333,-0.0164166,NA,NA,2009
ground_332,115.0142667,-0.01115,NA,NA,2009
ground_333,115.01485,-0.0126334,NA,NA,2009
ground_334,113.8087167,-0.8136666,NA,NA,2009
ground_335,113.7900834,-0.76775,NA,NA,2009
ground_336,113.8169167,-0.8379667,NA,NA,2009
ground_337,113.2373166,-0.7836,NA,NA,2009
ground_338,113.23805,-0.7761667,NA,NA,2009
ground_339,113.2402,-0.7838833,NA,NA,2009
ground_340,113.82555,-0.6639834,NA,NA,2009
ground_341,113.8260667,-0.66265,NA,NA,2009
ground_342,112.5218,-1.99205,NA,NA,2009
ground_343,112.5388833,-1.9789667,NA,NA,2009
ground_344,113.1182333,-2.1315,NA,NA,2009
ground_345,113.10815,-2.1706833,NA,NA,2009
ground_346,112.7500167,-1.5432167,NA,NA,2009
ground_347,114.2983667,-0.0543667,NA,NA,2009
ground_348,114.0002833,-0.06025,NA,NA,2009
ground_349,114.17265,-0.0582666,NA,NA,2009
ground_350,114.1735,-0.0522333,NA,NA,2009
ground_351,114.15735,-0.0566667,NA,NA,2009
ground_352,114.1700833,-0.0900833,NA,NA,2009
ground_353,114.1701,-0.0900833,NA,NA,2009
ground_354,114.6949722,0.21375,NA,NA,2009
ground_355,114.8420833,0.4008056,NA,NA,2009
ground_356,114.9985833,0.51,NA,NA,2009
ground_357,114.65,0.2309,NA,NA,2009
ground_358,113.9361475,0.4592412,NA,NA,2009
ground_359,113.9370657,0.4640073,NA,NA,2009
ground_360,114.0055854,0.5135145,NA,NA,2009
ground_361,114.006457,0.5143021,NA,NA,2009
ground_362,113.9085,0.3519834,NA,NA,2009
ground_363,113.90805,0.3527833,NA,NA,2009
ground_364,112.357472,0.912778,NA,NA,2009
ground_370,113.73817,-1.51568,113.72932,-1.51563,2010
ground_371,113.73677,-1.52423,NA,NA,2010
ground_372,113.73724,-1.50947,NA,NA,2010
ground_373,113.74503,-1.51055,NA,NA,2010
ground_374,113.74509,-1.51625,113.75437,-1.51629,2010
ground_375,113.73779,-1.5064,113.74742,-1.50717,2010
ground_376,113.73517,-1.53132,NA,NA,2010
ground_377,113.07414,-2.25182,113.08128,-2.25274,2010
ground_378,113.07447,-2.2406,113.08178,-2.24074,2010
ground_379,113.07399,-2.24415,113.08114,-2.24488,2010
ground_380,113.07295,-2.26176,113.07595,-2.26295,2010
ground_381,113.0732,-2.25513,113.07486,-2.26198,2010
ground_382,113.11123,-2.52506,113.11123,-2.52184,2010
ground_383,113.11116,-2.52555,NA,NA,2010
ground_384,113.11104,-2.52533,113.10381,-2.52597,2010
ground_385,113.11545,-2.531,113.11544,-2.52361,2010
ground_386,113.11549,-2.53112,113.11528,-2.53441,2010
ground_387,113.12142,-2.52531,NA,NA,2010
ground_392,113.535,0.131666667,NA,NA,2011
ground_393,113.5,0.041666667,NA,NA,2011
ground_394,113.5,0.041666667,NA,NA,2011
ground_395,113,1.666666667,NA,NA,2005
ground_396,112,1.75,NA,NA,2005
ground_397,112.75,1,NA,NA,2006
ground_398,113,0.15,NA,NA,2007
ground_399,113.180645,-1.058603725,NA,NA,2003
ground_400,113.128001,-1.056895639,NA,NA,2003
ground_401,113.1891513,-1.033555116,NA,NA,2003
ground_402,113.170296,-1.055708954,NA,NA,2003
ground_403,112.9636919,-1.09706944,NA,NA,2003
ground_404,112.9634504,-1.070757562,NA,NA,2003
ground_405,113.1868291,-1.052478817,NA,NA,2003
ground_406,113.1255463,-1.052964487,NA,NA,2003
ground_407,113.1888061,-1.027904953,NA,NA,2003
ground_408,113.1709892,-1.057950572,NA,NA,2003
ground_409,112.9759358,-1.096979948,NA,NA,2003
ground_410,112.9646182,-1.070783934,NA,NA,2003
ground_412,113.1252321,-1.053281139,NA,NA,2003
ground_416,113.143,-2.453,NA,NA,2003
ground_418,112.01392,-1.4293,NA,NA,2003
ground_419,112.01481,-1.43127,NA,NA,2003
ground_420,111.95609,-1.3946,NA,NA,2003
ground_421,111.95691,-1.39575,NA,NA,2003
ground_422,111.994728,-1.40028,NA,NA,2003
ground_423,111.98604,-1.53976,NA,NA,2003
ground_424,111.9856,-1.53933,NA,NA,2003
ground_425,117.167003,1.609243608,117.1607728,1.609316489,2003
ground_426,117.167003,1.609243608,117.1607728,1.609316489,2003
ground_427,117.167003,1.609243608,117.1607728,1.609316489,2003
ground_428,117.167003,1.609243608,117.1607728,1.609316489,2003
ground_429,117.167003,1.609243608,117.1607728,1.609316489,2003
ground_430,117.167003,1.609243608,117.1607728,1.609316489,2003
ground_431,117.1717045,1.604402962,117.1716952,1.600223156,2003
ground_432,117.1717045,1.604402962,117.1716952,1.600223156,2003
ground_433,117.1717045,1.604402962,117.1716952,1.600223156,2003
ground_434,117.1717045,1.604402962,117.1716952,1.600223156,2003
ground_435,117.1638569,1.615441199,117.1642349,1.620145715,2003
ground_436,117.1638569,1.615441199,117.1642349,1.620145715,2003
ground_437,117.1638569,1.615441199,117.1642349,1.620145715,2003
ground_438,117.1638569,1.615441199,117.1642349,1.620145715,2003
ground_439,117.1621736,1.587955923,117.1615708,1.581957671,2003
ground_440,117.1621736,1.587955923,117.1615708,1.581957671,2003
ground_441,117.1621736,1.587955923,117.1615708,1.581957671,2003
ground_442,117.1621736,1.587955923,117.1615708,1.581957671,2003
ground_443,117.1621736,1.587955923,117.1615708,1.581957671,2003
ground_444,117.1621736,1.587955923,117.1615708,1.581957671,2003
ground_445,117.1621736,1.587955923,117.1615708,1.581957671,2003
ground_446,117.1491921,1.591883397,117.1447148,1.589585725,2003
ground_447,117.1491921,1.591883397,117.1447148,1.589585725,2003
ground_448,117.1491921,1.591883397,117.1447148,1.589585725,2003
ground_449,117.1491921,1.591883397,117.1447148,1.589585725,2003
ground_450,117.1491921,1.591883397,117.1447148,1.589585725,2003
ground_451,117.1491921,1.591883397,117.1447148,1.589585725,2003
ground_452,117.1491921,1.591883397,117.1447148,1.589585725,2003
ground_453,117.1491921,1.591883397,117.1447148,1.589585725,2003
ground_454,117.1542719,1.597039931,117.1525103,1.603608338,2003
ground_455,117.1542719,1.597039931,117.1525103,1.603608338,2003
ground_456,117.1542719,1.597039931,117.1525103,1.603608338,2003
ground_457,117.1542719,1.597039931,117.1525103,1.603608338,2003
ground_458,117.1542719,1.597039931,117.1525103,1.603608338,2003
ground_459,117.1542719,1.597039931,117.1525103,1.603608338,2003
ground_460,117.1542719,1.597039931,117.1525103,1.603608338,2003
ground_461,117.1542719,1.597039931,117.1525103,1.603608338,2003
ground_462,117.1444368,1.599266264,117.13604,1.599511116,2003
ground_463,117.1444368,1.599266264,117.13604,1.599511116,2003
ground_464,117.1444368,1.599266264,117.13604,1.599511116,2003
ground_465,117.1444368,1.599266264,117.13604,1.599511116,2003
ground_466,117.1444368,1.599266264,117.13604,1.599511116,2003
ground_467,117.1444368,1.599266264,117.13604,1.599511116,2003
ground_468,117.1444368,1.599266264,117.13604,1.599511116,2003
ground_469,117.1444368,1.599266264,117.13604,1.599511116,2003
ground_470,117.1655994,1.595555302,117.1654379,1.59922848,2003
ground_471,117.1655994,1.595555302,117.1654379,1.59922848,2003
ground_472,117.1655994,1.595555302,117.1654379,1.59922848,2003
ground_473,117.1655994,1.595555302,117.1654379,1.59922848,2003
ground_474,117.1428829,1.619170244,NA,NA,2003
ground_475,117.1428829,1.619170244,NA,NA,2003
ground_476,117.1428829,1.619170244,NA,NA,2003
ground_477,117.1428829,1.619170244,NA,NA,2003
ground_478,117.1428829,1.619170244,NA,NA,2003
ground_479,117.1428829,1.619170244,NA,NA,2003
ground_480,117.1428829,1.619170244,NA,NA,2003
ground_481,117.1428829,1.619170244,NA,NA,2003
ground_482,116.945834,1.596791715,116.9394331,1.590331807,2001
ground_483,116.945834,1.596791715,116.9394331,1.590331807,2001
ground_484,116.945834,1.596791715,116.9394331,1.590331807,2001
ground_485,116.945834,1.596791715,116.9394331,1.590331807,2001
ground_486,116.945834,1.596791715,116.9394331,1.590331807,2001
ground_487,116.945834,1.596791715,116.9394331,1.590331807,2001
ground_488,116.945834,1.596791715,116.9394331,1.590331807,2001
ground_489,116.945834,1.596791715,116.9394331,1.590331807,2001
ground_490,116.9585374,1.584379197,116.9643092,1.57806433,2001
ground_491,116.9585374,1.584379197,116.9643092,1.57806433,2001
ground_492,116.9585374,1.584379197,116.9643092,1.57806433,2001
ground_493,116.9585374,1.584379197,116.9643092,1.57806433,2001
ground_494,116.9585374,1.584379197,116.9643092,1.57806433,2001
ground_495,116.9585374,1.584379197,116.9643092,1.57806433,2001
ground_496,116.9585374,1.584379197,116.9643092,1.57806433,2001
ground_497,116.9585374,1.584379197,116.9643092,1.57806433,2001
ground_498,116.9482078,1.579095375,116.9416632,1.572870699,2001
ground_499,116.9482078,1.579095375,116.9416632,1.572870699,2001
ground_500,116.9482078,1.579095375,116.9416632,1.572870699,2001
ground_501,116.9482078,1.579095375,116.9416632,1.572870699,2001
ground_502,116.9482078,1.579095375,116.9416632,1.572870699,2001
ground_503,116.9482078,1.579095375,116.9416632,1.572870699,2001
ground_504,116.9482078,1.579095375,116.9416632,1.572870699,2001
ground_505,116.9482078,1.579095375,116.9416632,1.572870699,2001
ground_506,116.9345065,1.591372088,116.9286181,1.584875975,2001
ground_507,116.9345065,1.591372088,116.9286181,1.584875975,2001
ground_508,116.9345065,1.591372088,116.9286181,1.584875975,2001
ground_509,116.9345065,1.591372088,116.9286181,1.584875975,2001
ground_510,116.9345065,1.591372088,116.9286181,1.584875975,2001
ground_511,116.9345065,1.591372088,116.9286181,1.584875975,2001
ground_512,116.9345065,1.591372088,116.9286181,1.584875975,2001
ground_513,116.9345065,1.591372088,116.9286181,1.584875975,2001
ground_514,116.9074543,1.607049897,116.9009996,1.600490351,2002
ground_515,116.9074543,1.607049897,116.9009996,1.600490351,2002
ground_516,116.9074543,1.607049897,116.9009996,1.600490351,2002
ground_517,116.9074543,1.607049897,116.9009996,1.600490351,2002
ground_518,116.9074543,1.607049897,116.9009996,1.600490351,2002
ground_519,116.9074543,1.607049897,116.9009996,1.600490351,2002
ground_520,116.9074543,1.607049897,116.9009996,1.600490351,2002
ground_521,116.9074543,1.607049897,116.9009996,1.600490351,2002
ground_522,116.891739,1.613843586,116.8869386,1.607103141,2002
ground_523,116.891739,1.613843586,116.8869386,1.607103141,2002
ground_524,116.891739,1.613843586,116.8869386,1.607103141,2002
ground_525,116.891739,1.613843586,116.8869386,1.607103141,2002
ground_526,116.891739,1.613843586,116.8869386,1.607103141,2002
ground_527,116.891739,1.613843586,116.8869386,1.607103141,2002
ground_528,116.891739,1.613843586,116.8869386,1.607103141,2002
ground_529,116.891739,1.613843586,116.8869386,1.607103141,2002
ground_530,116.8818585,1.616720049,116.8748282,1.614901134,2002
ground_531,116.8818585,1.616720049,116.8748282,1.614901134,2002
ground_532,116.8818585,1.616720049,116.8748282,1.614901134,2002
ground_533,116.8818585,1.616720049,116.8748282,1.614901134,2002
ground_534,116.8818585,1.616720049,116.8748282,1.614901134,2002
ground_535,116.8818585,1.616720049,116.8748282,1.614901134,2002
ground_536,116.8818585,1.616720049,116.8748282,1.614901134,2002
ground_537,116.8818585,1.616720049,116.8748282,1.614901134,2002
ground_538,116.9667277,1.564936819,116.9664848,1.574038343,2002
ground_539,116.9667277,1.564936819,116.9664848,1.574038343,2002
ground_540,116.9667277,1.564936819,116.9664848,1.574038343,2002
ground_541,116.9667277,1.564936819,116.9664848,1.574038343,2002
ground_542,116.9667277,1.564936819,116.9664848,1.574038343,2002
ground_543,116.9667277,1.564936819,116.9664848,1.574038343,2002
ground_544,116.9667277,1.564936819,116.9664848,1.574038343,2002
ground_545,116.9667277,1.564936819,116.9664848,1.574038343,2002
ground_546,116.9692274,1.531217772,116.9752508,1.525518084,2002
ground_547,116.9692274,1.531217772,116.9752508,1.525518084,2002
ground_548,116.9692274,1.531217772,116.9752508,1.525518084,2002
ground_549,116.9692274,1.531217772,116.9752508,1.525518084,2002
ground_550,116.9692274,1.531217772,116.9752508,1.525518084,2002
ground_551,116.9692274,1.531217772,116.9752508,1.525518084,2002
ground_552,116.9645169,1.522034742,116.9654879,1.513783668,2002
ground_553,116.9645169,1.522034742,116.9654879,1.513783668,2002
ground_554,116.9645169,1.522034742,116.9654879,1.513783668,2002
ground_555,116.9645169,1.522034742,116.9654879,1.513783668,2002
ground_556,116.9645169,1.522034742,116.9654879,1.513783668,2002
ground_557,116.9645169,1.522034742,116.9654879,1.513783668,2002
ground_558,116.9645169,1.522034742,116.9654879,1.513783668,2002
ground_559,116.9645169,1.522034742,116.9654879,1.513783668,2002
ground_560,116.951868,1.52445011,116.9448201,1.519274916,2002
ground_561,116.951868,1.52445011,116.9448201,1.519274916,2002
ground_562,116.951868,1.52445011,116.9448201,1.519274916,2002
ground_563,116.951868,1.52445011,116.9448201,1.519274916,2002
ground_564,116.951868,1.52445011,116.9448201,1.519274916,2002
ground_565,116.951868,1.52445011,116.9448201,1.519274916,2002
ground_566,116.951868,1.52445011,116.9448201,1.519274916,2002
ground_567,116.951868,1.52445011,116.9448201,1.519274916,2002
ground_568,116.9495304,1.536057672,116.9432644,1.534021884,2002
ground_569,116.9495304,1.536057672,116.9432644,1.534021884,2002
ground_570,116.9495304,1.536057672,116.9432644,1.534021884,2002
ground_571,116.9495304,1.536057672,116.9432644,1.534021884,2002
ground_572,116.9495304,1.536057672,116.9432644,1.534021884,2002
ground_573,116.9495304,1.536057672,116.9432644,1.534021884,2002
ground_574,116.9495304,1.536057672,116.9432644,1.534021884,2002
ground_575,116.9495304,1.536057672,116.9432644,1.534021884,2002
ground_576,116.9540433,1.539540964,116.9483435,1.545539156,2002
ground_577,116.9540433,1.539540964,116.9483435,1.545539156,2002
ground_578,116.9540433,1.539540964,116.9483435,1.545539156,2002
ground_579,116.9540433,1.539540964,116.9483435,1.545539156,2002
ground_580,116.9540433,1.539540964,116.9483435,1.545539156,2002
ground_581,116.9540433,1.539540964,116.9483435,1.545539156,2002
ground_582,116.9540433,1.539540964,116.9483435,1.545539156,2002
ground_583,116.9540433,1.539540964,116.9483435,1.545539156,2002
ground_584,116.9278653,1.515745988,116.9276762,1.524232295,2002
ground_585,116.9278653,1.515745988,116.9276762,1.524232295,2002
ground_586,116.9278653,1.515745988,116.9276762,1.524232295,2002
ground_587,116.9278653,1.515745988,116.9276762,1.524232295,2002
ground_588,116.9278653,1.515745988,116.9276762,1.524232295,2002
ground_589,116.9278653,1.515745988,116.9276762,1.524232295,2002
ground_590,116.9278653,1.515745988,116.9276762,1.524232295,2002
ground_591,116.9278653,1.515745988,116.9276762,1.524232295,2002
ground_592,116.9223099,1.506246191,116.9142185,1.521246209,2002
ground_593,116.9223099,1.506246191,116.9142185,1.521246209,2002
ground_594,116.9223099,1.506246191,116.9142185,1.521246209,2002
ground_595,116.9223099,1.506246191,116.9142185,1.521246209,2002
ground_596,116.9223099,1.506246191,116.9142185,1.521246209,2002
ground_597,116.9223099,1.506246191,116.9142185,1.521246209,2002
ground_598,116.9223099,1.506246191,116.9142185,1.521246209,2002
ground_599,116.9223099,1.506246191,116.9142185,1.521246209,2002
ground_600,116.916898,1.506752635,116.9143718,1.506969671,2002
ground_601,116.916898,1.506752635,116.9143718,1.506969671,2002
ground_602,116.916898,1.506752635,116.9143718,1.506969671,2002
ground_603,116.916898,1.506752635,116.9143718,1.506969671,2002
ground_604,116.916898,1.506752635,116.9143718,1.506969671,2002
ground_605,116.916898,1.506752635,116.9143718,1.506969671,2002
ground_606,116.916898,1.506752635,116.9143718,1.506969671,2002
ground_607,116.916898,1.506752635,116.9143718,1.506969671,2002
ground_608,116.9204493,1.498013133,116.9144355,1.488196647,2002
ground_609,116.9204493,1.498013133,116.9144355,1.488196647,2002
ground_610,116.9204493,1.498013133,116.9144355,1.488196647,2002
ground_611,116.9204493,1.498013133,116.9144355,1.488196647,2002
ground_612,116.9204493,1.498013133,116.9144355,1.488196647,2002
ground_613,116.9204493,1.498013133,116.9144355,1.488196647,2002
ground_614,116.9204493,1.498013133,116.9144355,1.488196647,2002
ground_615,116.9204493,1.498013133,116.9144355,1.488196647,2002
ground_616,116.9372783,1.493806713,116.9423307,1.488170417,2002
ground_617,116.9372783,1.493806713,116.9423307,1.488170417,2002
ground_618,116.9372783,1.493806713,116.9423307,1.488170417,2002
ground_619,116.9372783,1.493806713,116.9423307,1.488170417,2002
ground_620,116.9372783,1.493806713,116.9423307,1.488170417,2002
ground_621,116.9372783,1.493806713,116.9423307,1.488170417,2002
ground_622,116.9372783,1.493806713,116.9423307,1.488170417,2002
ground_623,116.9372783,1.493806713,116.9423307,1.488170417,2002
ground_624,117.1624449,1.608031652,117.1624078,1.593601361,2002
ground_625,117.157833,1.609551947,117.1578227,1.591964175,2002
ground_626,117.1533288,1.608900894,117.1534086,1.593801094,2002
ground_627,117.1477459,1.608982733,117.1477718,1.593412479,2002
ground_628,117.1452288,1.610584272,117.1450927,1.593910267,2002
ground_629,117.1399245,1.609860868,117.1398783,1.592309273,2002
ground_630,117.1352406,1.610186886,117.1353833,1.593711893,2002
ground_631,117.1306196,1.610576219,117.1305198,1.596480659,2002
ground_632,117.1260705,1.610377469,117.1259616,1.592635875,2002
ground_633,117.1260346,1.610920304,117.1260537,1.628444766,2002
ground_634,117.1307275,1.610910959,117.1305665,1.623206139,2002
ground_635,117.1353126,1.611743002,117.1353227,1.628100367,2002
ground_636,117.1398796,1.610584648,117.1398268,1.628009586,2002
ground_637,117.145076,1.611489004,117.1450592,1.627656373,2002
ground_638,117.147809,1.610973115,117.1478551,1.627574744,2002
ground_639,117.1532571,1.611741723,117.1532403,1.627520056,2002
ground_640,117.157842,1.60983241,117.1577984,1.627628269,2002
ground_641,117.1623551,1.610221083,117.1622936,1.628053129,2002
ground_642,117.4576031,1.363121467,117.4581359,1.375959017,2002
ground_643,117.4565775,1.358372002,117.4563771,1.344177337,2002
ground_644,117.4508967,1.359621559,117.451739,1.345435735,2002
ground_645,117.4648116,1.359383682,117.4647012,1.346256559,2002
ground_646,117.4126489,1.362387785,117.4118692,1.375750378,2002
ground_647,117.4122889,1.359619457,117.4027859,1.349814082,2002
ground_648,117.4145449,1.358452002,117.4151627,1.344021891,2002
ground_649,117.4203523,1.361210333,117.4200624,1.348037925,2002
ground_650,117.4203523,1.361210333,117.4200624,1.348037925,2002
ground_651,117.4203523,1.361210333,117.4200624,1.348037925,2002
ground_652,117.4203523,1.361210333,117.4200624,1.348037925,2002
ground_653,117.3898855,1.342922343,117.4029643,1.341735047,2002
ground_654,117.3906674,1.341954183,117.3820199,1.341349404,2002
ground_655,117.3902708,1.334933733,117.3993929,1.324419595,2002
ground_656,117.3908558,1.339249084,117.4003559,1.331485179,2002
ground_657,117.3904048,1.329867362,117.3991672,1.318421441,2002
ground_658,117.3882103,1.321888207,117.3973147,1.31296637,2002
ground_659,117.3881959,1.344451566,117.3789206,1.353482003,2002
ground_660,117.1637833,-0.042495058,117.1618242,-0.038803773,2008
ground_661,117.1631363,-0.044114521,117.159236,-0.046322066,2008
ground_662,117.212644,0.054021135,117.2159242,0.055830574,2008
ground_663,117.2114668,0.053677344,117.2082585,0.051795526,2008
ground_664,117.1961264,-0.028453634,117.1938079,-0.032262535,2008
ground_665,117.1967555,-0.02892409,117.1997391,-0.0306883,2008
ground_666,117.1341271,-0.01992213,117.1354751,-0.018836454,2008
ground_667,117.1333363,-0.020284022,117.130137,-0.023360103,2008
ground_668,117.1355021,-0.021749681,117.1383598,-0.025205742,2008
ground_669,117.1324825,-0.019397388,117.1293282,-0.016764629,2008
ground_670,117.2092829,0.030136399,117.2115835,0.026218935,2008
ground_671,117.2095705,0.031755857,117.2137943,0.03162014,2008
ground_672,117.1579061,0.068705037,117.153853,0.067094635,2008
ground_673,117.1580678,0.068876935,117.1558481,0.07247776,2008
ground_674,117.1535384,-0.003655102,117.1525768,-0.002904177,2008
ground_675,117.1543831,-0.003980803,117.1575105,-0.001194241,2008
ground_676,117.1493146,-0.00532885,117.1480206,-0.000886634,2008
ground_677,117.128807,-0.058680727,117.1280342,-0.059856877,2008
ground_678,117.1282139,-0.055993683,117.1280611,-0.053279496,2008
ground_679,117.1356819,-0.061602985,117.1354662,-0.063982422,2008
ground_680,117.1384048,-0.061792971,117.1409391,-0.05793882,2008
ground_681,117.1364099,-0.107536062,117.1328332,-0.109879326,2008
ground_682,117.136392,-0.105907551,117.1337678,-0.102659586,2008
ground_683,117.1393306,-0.107020354,117.1394564,-0.10313002,2008
ground_684,117.1456842,-0.103546167,117.1501237,-0.103338059,2008
ground_685,117.1742168,0.018067401,117.1713501,0.017985979,2008
ground_686,117.1744954,0.018954034,117.1752323,0.0225458,2008
ground_687,117.1655268,-0.074721449,117.1692563,-0.077091821,2008
ground_688,117.1652572,-0.074187661,117.164754,-0.078602734,2008
ground_689,117.1436081,0.024029589,117.1474454,0.023821498,2008
ground_690,117.139618,0.02130636,117.1440125,0.021442065,2008
ground_691,117.1380004,0.019008351,117.1378027,0.015190395,2008
ground_692,117.157035,0.178312826,117.1478146,0.178412423,2008
ground_693,117.157035,0.178312826,117.1478146,0.178412423,2008
ground_694,117.157035,0.178312826,117.1478146,0.178412423,2008
ground_695,117.157035,0.178312826,117.1478146,0.178412423,2008
ground_696,117.157035,0.178312826,117.1478146,0.178412423,2008
ground_697,117.157035,0.178312826,117.1478146,0.178412423,2008
ground_698,117.157035,0.178312826,117.1478146,0.178412423,2008
ground_699,117.157035,0.178312826,117.1478146,0.178412423,2008
ground_700,117.1420896,0.105563728,117.1419547,0.096570727,2008
ground_701,117.1420896,0.105563728,117.1419547,0.096570727,2008
ground_702,117.1420896,0.105563728,117.1419547,0.096570727,2008
ground_703,117.1420896,0.105563728,117.1419547,0.096570727,2008
ground_704,117.1420896,0.105563728,117.1419547,0.096570727,2008
ground_705,117.1420896,0.105563728,117.1419547,0.096570727,2008
ground_706,117.1420896,0.105563728,117.1419547,0.096570727,2008
ground_707,117.1420896,0.105563728,117.1419547,0.096570727,2008
ground_708,116.9868074,0.228616551,116.9868074,0.219894943,2008
ground_709,116.9868074,0.228616551,116.9868074,0.219894943,2008
ground_710,116.9868074,0.228616551,116.9868074,0.219894943,2008
ground_711,116.9868074,0.228616551,116.9868074,0.219894943,2008
ground_712,116.9868074,0.228616551,116.9868074,0.219894943,2008
ground_713,116.9868074,0.228616551,116.9868074,0.219894943,2008
ground_714,116.9868074,0.228616551,116.9868074,0.219894943,2008
ground_715,116.9868074,0.228616551,116.9868074,0.219894943,2008
ground_716,117.0536781,0.173807861,117.0531748,0.165059115,2008
ground_717,117.0536781,0.173807861,117.0531748,0.165059115,2008
ground_718,117.0536781,0.173807861,117.0531748,0.165059115,2008
ground_719,117.0536781,0.173807861,117.0531748,0.165059115,2008
ground_720,117.0536781,0.173807861,117.0531748,0.165059115,2008
ground_721,117.0536781,0.173807861,117.0531748,0.165059115,2008
ground_722,117.0536781,0.173807861,117.0531748,0.165059115,2008
ground_723,117.0536781,0.173807861,117.0531748,0.165059115,2008
ground_724,117.0700345,0.271419186,117.0694413,0.26268854,2008
ground_725,117.0700345,0.271419186,117.0694413,0.26268854,2008
ground_726,117.0700345,0.271419186,117.0694413,0.26268854,2008
ground_727,117.0700345,0.271419186,117.0694413,0.26268854,2008
ground_728,117.0700345,0.271419186,117.0694413,0.26268854,2008
ground_729,117.0700345,0.271419186,117.0694413,0.26268854,2008
ground_730,117.0700345,0.271419186,117.0694413,0.26268854,2008
ground_731,117.0700345,0.271419186,117.0694413,0.26268854,2008
ground_732,116.9836798,0.340314651,116.9840482,0.348936738,2008
ground_733,116.9836798,0.340314651,116.9840482,0.348936738,2008
ground_734,116.9836798,0.340314651,116.9840482,0.348936738,2008
ground_735,116.9836798,0.340314651,116.9840482,0.348936738,2008
ground_736,116.9836798,0.340314651,116.9840482,0.348936738,2008
ground_737,116.9836798,0.340314651,116.9840482,0.348936738,2008
ground_738,116.9836798,0.340314651,116.9840482,0.348936738,2008
ground_739,116.9836798,0.340314651,116.9840482,0.348936738,2008
ground_740,116.8475807,0.428216799,116.8559207,0.42323191,2008
ground_741,116.8475807,0.428216799,116.8559207,0.42323191,2008
ground_742,116.8475807,0.428216799,116.8559207,0.42323191,2008
ground_743,116.8475807,0.428216799,116.8559207,0.42323191,2008
ground_744,116.8475807,0.428216799,116.8559207,0.42323191,2008
ground_745,116.8475807,0.428216799,116.8559207,0.42323191,2008
ground_746,116.8475807,0.428216799,116.8559207,0.42323191,2008
ground_747,116.8475807,0.428216799,116.8559207,0.42323191,2008
ground_748,116.8127637,0.488479817,116.8031925,0.488805242,2008
ground_749,116.8127637,0.488479817,116.8031925,0.488805242,2008
ground_750,116.8127637,0.488479817,116.8031925,0.488805242,2008
ground_751,116.8127637,0.488479817,116.8031925,0.488805242,2008
ground_752,116.8127637,0.488479817,116.8031925,0.488805242,2008
ground_753,116.8127637,0.488479817,116.8031925,0.488805242,2008
ground_754,116.8127637,0.488479817,116.8031925,0.488805242,2008
ground_755,116.8127637,0.488479817,116.8031925,0.488805242,2008
ground_756,116.9152348,0.416908729,116.915684,0.426553155,2008
ground_757,116.9152348,0.416908729,116.915684,0.426553155,2008
ground_758,116.9152348,0.416908729,116.915684,0.426553155,2008
ground_759,116.9152348,0.416908729,116.915684,0.426553155,2008
ground_760,116.9152348,0.416908729,116.915684,0.426553155,2008
ground_761,116.9152348,0.416908729,116.915684,0.426553155,2008
ground_762,116.9152348,0.416908729,116.915684,0.426553155,2008
ground_763,116.9152348,0.416908729,116.915684,0.426553155,2008
ground_764,117.1078409,-0.051325319,117.1150393,-0.045127909,2008
ground_765,117.1078409,-0.051325319,117.1150393,-0.045127909,2008
ground_766,117.1078409,-0.051325319,117.1150393,-0.045127909,2008
ground_767,117.1078409,-0.051325319,117.1150393,-0.045127909,2008
ground_768,117.1078409,-0.051325319,117.1150393,-0.045127909,2008
ground_769,117.1078409,-0.051325319,117.1150393,-0.045127909,2008
ground_770,117.0637971,-0.126888493,117.0633747,-0.134289192,2008
ground_771,117.0637971,-0.126888493,117.0633747,-0.134289192,2008
ground_772,117.0637971,-0.126888493,117.0633747,-0.134289192,2008
ground_773,117.0637971,-0.126888493,117.0633747,-0.134289192,2008
ground_774,117.0637971,-0.126888493,117.0633747,-0.134289192,2008
ground_775,117.0637971,-0.126888493,117.0633747,-0.134289192,2008
ground_776,117.0637971,-0.126888493,117.0633747,-0.134289192,2008
ground_777,117.0637971,-0.126888493,117.0633747,-0.134289192,2008
ground_778,112.3494654,-0.999294298,112.3319612,-0.998704531,2008
ground_779,112.3401709,-0.945038388,112.3278351,-0.948425929,2008
ground_780,112.3453587,-0.802472502,112.3552843,-0.793523946,2008
ground_781,112.2801789,-0.707692651,112.2927044,-0.708114268,2008
ground_782,112.3508202,-0.876737247,112.3547979,-0.868903049,2008
ground_783,112.174976,-1.069508638,112.1914842,-1.070289174,2008
ground_784,112.1706295,-1.053472846,112.1656275,-1.062574405,2008
ground_785,112.1484784,-0.866249179,112.1481141,-0.879681806,2008
ground_786,112.1477479,-0.857185844,112.1307821,-0.856376828,2008
ground_787,112.0018763,-0.859759911,112.001144,-0.877218697,2008
ground_788,111.983495,-0.878408428,111.9658543,-0.877680334,2008
ground_789,111.267361,-1.124485895,111.2834412,-1.124891491,2008
ground_790,111.2261398,-1.118301111,111.2268485,-1.101002794,2008
ground_791,111.0903828,-1.243034056,111.0904103,-1.25635162,2008
ground_792,111.2261398,-1.118310158,111.227298,-1.101002759,2008
ground_793,110.9880262,-1.376211341,110.988305,-1.357972062,2008
ground_794,110.8748744,-1.438769713,110.8660652,-1.428174902,2008
ground_795,110.836639,-1.478891692,110.846392,-1.490825676,2008
ground_796,110.7152026,-1.511295257,110.7149757,-1.527616263,2008
ground_797,110.7562685,-1.505030597,110.7566296,-1.491767487,2008
ground_798,110.7485444,-1.521839343,110.7487496,-1.535428204,2008
ground_799,111.1351385,-1.248903795,111.1519027,-1.248504795,2008
ground_800,111.1288283,-1.248533177,111.1134035,-1.248099624,2008
ground_801,110.9343046,-1.426196535,110.9508184,-1.427056439,2008
ground_802,110.9232296,-1.425128615,110.9229595,-1.438382826,2008
ground_803,110.1145371,-1.413741393,110.1145169,-1.395784732,2008
ground_804,110.1534996,-1.492476593,110.1348923,-1.493952886,2008
ground_805,110.1546846,-1.47280143,110.1734618,-1.473541267,2008
ground_806,110.1406014,-1.602464601,110.1592627,-1.603440344,2008
ground_807,110.0996265,-1.565936746,110.1181706,-1.566541725,2008
ground_808,110.1355274,-1.547018232,110.1167843,-1.549679084,2008
ground_809,110.2836319,-1.601416279,110.2830101,-1.60569507,2008
ground_810,110.2609154,-1.601281514,110.260677,-1.614217901,2008
ground_811,110.2266028,-1.601096895,110.2263261,-1.619605751,2008
ground_812,110.174752,-1.60142936,110.1749644,-1.587226755,2008
ground_813,110.0895254,-1.601456375,110.0892923,-1.620389744,2008
ground_814,110.0769669,-1.583132445,110.0770862,-1.597660477,2008
ground_815,112.3085026,0.806229135,112.3225744,0.808947064,2010
ground_816,112.2779064,0.802512366,112.2619395,0.803069106,2010
ground_817,112.1633835,1.020803565,NA,NA,2010
ground_818,112.2960234,0.941174965,112.3169258,0.96981223,2010
ground_819,112.3148153,0.90040255,112.3152305,0.930196274,2010
ground_820,112.3125427,0.927158194,112.3055386,0.939823698,2010
ground_821,111.9138625,0.779913795,111.8967525,0.780605009,2010
ground_822,111.8967525,0.780605009,111.8772427,0.780057332,2010
ground_823,111.9373984,0.82189143,111.9103127,0.819789984,2010
ground_824,111.957345,0.949245599,111.943975,0.957318378,2009
ground_825,111.943975,0.957318378,111.9255647,0.970720704,2009
ground_826,111.9466333,0.917352205,111.9223349,0.923347118,2009
ground_827,111.9223349,0.923347118,111.9039045,0.929249977,2009
ground_828,111.9039045,0.929249977,111.8891503,0.937739076,2009
ground_829,112.3085026,0.806229135,112.3225744,0.808947064,2010
ground_830,114.034639,-2.575167,114.02372,-2.56594,2006
ground_831,113.970403,-2.593836,113.96674,-2.60386,2006
ground_832,113.945953,-2.589957,113.93726,-2.58111,2006
ground_833,113.897557,-2.583354,113.89681,-2.58917,2006
ground_834,113.883225,-2.581883,113.88359,-2.5771,2006
ground_835,113.755763,-2.20813,113.76014,-2.20779,2006
ground_836,113.738898,-2.207806,113.73532,-2.20756,2006
ground_837,113.75387,-2.208376,113.74961,-2.20839,2006
ground_838,113.729615,-2.282341,113.73346,-2.28267,2006
ground_839,113.727802,-2.282265,113.7231,-2.28208,2006
ground_840,113.730843,-2.264574,113.73526,-2.26476,2006
ground_841,113.728622,-2.264163,113.72303,-2.26429,2006
ground_842,113.974651,-2.672354,113.9788,-2.67002,2006
ground_843,113.970399,-2.680919,113.96497,-2.68105,2006
ground_844,113.977225,-2.680134,113.98198,-2.67999,2006
ground_845,113.978174,-2.685972,113.97399,-2.68552,2006
ground_846,113.601713,-2.943522,113.60559,-2.94405,2006
ground_847,113.598572,-2.94323,113.59432,-2.94307,2006
ground_848,113.596322,-2.954848,113.59102,-2.95417,2006
ground_849,113.596322,-2.954848,113.59102,-2.95417,2006
ground_850,113.669554,-2.042289,113.66409,-2.0423,2006
ground_851,113.668907,-2.041774,113.66916,-2.03351,2006
ground_852,113.661696,-2.048164,113.66147,-2.05351,2006
ground_853,113.660973,-2.047023,113.65419,-2.04665,2006
ground_854,113.494996,-2.058128,113.49935,-2.05466,2006
ground_855,113.545083,-2.200471,113.5504,-2.2032,2006
ground_856,113.512781,-2.271968,113.51241,-2.27935,2006
ground_857,113.453657,-2.916739,113.45757,-2.91916,2006
ground_858,113.451763,-2.913004,113.45167,-2.9083,2006
ground_859,113.366045,-2.787525,113.36774,-2.79159,2006
ground_860,113.512781,-2.784524,NA,NA,2006
ground_861,113.361937,-2.784463,NA,NA,2006
ground_862,113.459391,-2.314982,113.46498,-2.31513,2006
ground_863,113.451283,-2.329333,113.45598,-2.32943,2006
ground_864,113.468046,-2.38484,113.46804,-2.38019,2006
ground_865,113.463546,-2.387641,NA,NA,2006
ground_866,113.449465,-2.388439,113.45081,-2.39416,2006
ground_867,113.677691,-2.524301,113.68095,-2.52777,2006
ground_868,113.645364,-2.532504,113.64699,-2.53683,2006
ground_869,113.594023,-2.407978,113.59848,-2.40979,2006
ground_870,113.584871,-2.448031,NA,NA,2006
ground_871,113.557462,-2.456948,113.55389,-2.45468,2006
ground_872,113.462142,-2.54083,113.45754,-2.54056,2006
ground_873,113.459319,-2.565331,113.46403,-2.56681,2006
ground_874,113.436912,-2.671116,113.43714,-2.67565,2006
ground_875,113.32845,-2.917639,113.33223,-2.91492,2006
ground_876,113.322617,-2.918056,113.32236,-2.92264,2006
ground_877,111.3614669,-1.488584681,111.358122,-1.48394408,2012
ground_878,111.3695127,-1.489189492,111.3645407,-1.484603461,2012
ground_879,111.3744572,-1.490753793,111.3739176,-1.48932445,2012
ground_880,111.3795443,-1.485170885,111.3793735,-1.485207103,2012
ground_881,111.3795347,-1.481380172,111.382232,-1.483641468,2012
ground_882,111.3847572,-1.478936563,111.3858001,-1.479515391,2012
ground_883,111.3547327,-1.424641015,111.3550724,-1.412228364,2012
ground_884,111.3423266,-1.419404635,111.341994,-1.419504203,2012
ground_885,111.3600788,-1.408418769,111.3598907,-1.412336183,2012
ground_886,111.3468674,-1.427157311,111.3430826,-1.425049909,2012
ground_887,111.400776,-1.525281638,111.3982872,-1.53260115,2012
ground_888,111.4085602,-1.520783798,111.4131729,-1.525912571,2012
ground_889,111.3606584,-1.492330302,111.3663321,-1.499675576,2012
ground_890,118.6163,5.5833,NA,NA,2006
ground_891,118.6188,5.5776,NA,NA,2006
ground_892,118.6454,5.5653,NA,NA,2006
ground_893,118.6309,5.579,NA,NA,2006
ground_894,118.6142,5.579,NA,NA,2006
ground_895,118.599,5.6281,NA,NA,2006
ground_896,118.5972,5.6246,NA,NA,2006
ground_897,118.6128,5.6204,NA,NA,2006
ground_898,118.6416,5.6089,NA,NA,2006
ground_899,118.6558,5.616,NA,NA,2006
ground_900,118.6416,5.609,NA,NA,2006
ground_901,118.6384,5.6117,NA,NA,2006
ground_902,112.4208333,1.374888889,112.4230833,1.374583333,2006
ground_903,112.4233889,1.373916667,NA,NA,2006
ground_904,112.4208333,1.374888889,112.4208333,1.374888889,2006
ground_905,112.4286264,1.36660077,NA,NA,2006
ground_906,112.4286264,1.36660077,NA,NA,2006
ground_907,112.4614167,1.451955556,112.4614167,1.451955556,2006
ground_908,112.4738563,0.144582183,112.4738563,0.144582183,2006
ground_909,112.5641667,1.64556,112.5641667,1.64556,2006
ground_910,112.4743231,1.453650988,112.4743231,1.453650988,2006
ground_911,112.8679444,1.514666667,NA,NA,2006
ground_912,112.7790556,1.395166667,NA,NA,2006
ground_913,112.801,1.375222222,NA,NA,2006
ground_914,113.1138611,1.2525,NA,NA,2006
ground_915,118.0000833,1.212194444,118.0000833,1.212194444,2006
ground_916,113.1215762,1.224864488,NA,NA,2006
ground_917,113.0735556,1.221055556,NA,NA,2006
ground_918,113.7558268,-1.782211236,NA,NA,2005
ground_919,113.7558268,-1.782211236,NA,NA,2005
ground_920,113.7558268,-1.782211236,NA,NA,2005
ground_921,113.9894,-1.605467,113.9901,-1.596,2010
ground_922,113.9903,-1.6054,NA,NA,2010
ground_923,113.9939,-1.605717,113.9935,-1.61818,2010
ground_924,113.990633,-1.610783,113.9837,-1.61135,2010
ground_925,113.990583,-1.612583,113.99597,-1.61298,2010
ground_926,113.9906,-1.61255,113.98708,-1.61247,2010
ground_927,113.98963,-1.60187,113.99512,-1.60195,2010
ground_928,113.98953,-1.6018,113.9859,-1.60207,2010
ground_929,113.98953,-1.59957,113.99497,-1.60015,2010
ground_930,113.98962,-1.59965,113.98687,-1.59978,2010
ground_931,113.99097,-1.6108,113.99615,-1.6118,2010
ground_932,113.98998,-1.60367,113.99503,-1.60378,2010
ground_933,113.98917,-1.60365,113.98615,-1.60355,2010
ground_934,113.99082,-1.60895,NA,NA,2010
ground_935,113.99082,-1.60378,113.99622,-1.60723,2010
ground_936,113.99038,-1.60723,113.98493,-1.60728,2010
ground_937,113.99012,-1.60902,113.98635,-1.60943,2010
ground_938,111.449883,-2.834868,NA,NA,2011
ground_939,111.441631,-2.866548,NA,NA,2011
ground_940,112.2296121,-0.56542534,NA,NA,2012
ground_941,112.2546807,-0.606928,NA,NA,2012
ground_942,112.3100909,-0.676687301,NA,NA,2012
ground_943,112.3100909,-0.676687301,NA,NA,2012
ground_944,112.2624572,-0.625477663,NA,NA,2012
ground_945,112.2624572,-0.625477663,NA,NA,2012
ground_946,116.4207308,0.48878456,NA,NA,2013
ground_947,116.4106892,0.46215978,NA,NA,2013
ground_948,116.3718174,0.46389727,NA,NA,2014
ground_949,116.3862536,0.46718608,NA,NA,2014
ground_950,116.3863569,0.48136792,NA,NA,2014
ground_951,116.3757083,0.50549481,NA,NA,2014
ground_952,116.3865,0.4973652,NA,NA,2014
ground_953,116.3603005,0.48269989,NA,NA,2014
ground_954,116.3936113,0.48196421,NA,NA,2014
ground_955,116.4111127,0.44853576,NA,NA,2014
ground_956,116.4234502,0.42732158,NA,NA,2014
ground_957,116.4381096,0.41744,NA,NA,2014
ground_958,116.4189168,0.44149999,NA,NA,2014
ground_959,116.3986345,0.46544717,NA,NA,2014
ground_960,116.4294803,0.42445555,NA,NA,2014
ground_961,112.5063344,-2.108050567,NA,NA,2011
ground_962,112.5003898,-2.105569219,NA,NA,2011
ground_963,112.5246584,-2.101991251,NA,NA,2011
ground_964,112.5296304,-2.102881711,NA,NA,2011
ground_965,112.5455997,-2.088504194,NA,NA,2011
ground_966,112.5249808,-2.063364112,NA,NA,2011
ground_967,112.5293889,-2.066805603,NA,NA,2011
ground_968,112.5328002,-2.06204518,NA,NA,2011
ground_970,112.3224776,-2.260532372,112.3145992,-2.268309035,2009
ground_971,112.3026908,-2.284103084,112.2952047,-2.298337436,2009
ground_972,112.3263867,-2.383582366,NA,NA,2009
ground_973,112.3288052,-2.420419139,NA,NA,2009
ground_974,113.0481452,-1.762019736,113.0481452,-1.762019736,2013
ground_975,112.9954646,-1.71111816,112.998944,-1.704505032,2013
ground_976,113.0183759,-1.727350817,113.0152053,-1.719976251,2013
ground_977,113.0322629,-1.757073452,113.0581414,-1.75817511,2013
ground_978,111.3251322,-2.016921849,NA,NA,2011
ground_979,111.3285734,-2.003359622,NA,NA,2011
ground_980,111.3559881,-1.99386353,NA,NA,2011
ground_981,111.6326643,-1.682059002,NA,NA,2012
ground_982,111.7045023,-1.704523956,111.7046325,-1.69155116,2014
ground_983,111.6621899,-1.635079042,111.6626004,-1.625977994,2014
ground_993,113.180645,-1.058603725,NA,NA,2003
ground_994,113.128001,-1.056895639,NA,NA,2003
ground_995,113.1891513,-1.033555116,NA,NA,2003
ground_996,113.170296,-1.055708953,NA,NA,2003
ground_997,112.9636919,-1.09706944,NA,NA,2003
ground_998,112.9634504,-1.070757562,NA,NA,2003
ground_999,113.1868291,-1.052478817,NA,NA,2003
ground_1000,113.1255463,-1.052964487,NA,NA,2003
ground_1001,113.1888061,-1.027904953,NA,NA,2003
ground_1002,113.1709892,-1.057950572,NA,NA,2003
ground_1003,112.967851,-1.096985312,NA,NA,2003
ground_1004,112.9646182,-1.070783934,NA,NA,2003
ground_1005,113.11159,-2.50504,113.11675,-2.49496,2013
ground_1006,113.10252,-2.51094,113.09397,-2.51392,2013
ground_1007,113.25885,-2.5136,113.25089,-2.52086,2013
ground_1008,113.2623,-2.51329,113.26748,-2.50939,2013
ground_1009,113.28143,-2.5974,113.28253,-2.58669,2013
ground_1010,113.29091,-2.60296,113.29021,-2.61193,2013
ground_1011,113.15057,-2.93732,113.15334,-2.94188,2013
ground_1012,113.18341,-2.93925,113.18324,-2.95265,2013
ground_1015,113.06155,-2.64492,113.05589,-2.65128,2013
ground_1016,113.0546,-2.63922,113.06051,-2.63292,2013
ground_1017,113.05497,-2.57385,113.04617,-2.57293,2013
ground_1018,113.05914,-2.57485,113.06078,-2.57874,2013
ground_1019,113.1159,-2.50504,113.11674,-2.49464,2013
ground_1020,113.10252,-2.51094,113.09397,-2.51392,2013
ground_1021,111.4172515,-2.615897537,111.4076528,-2.615403129,2010
ground_1022,111.444041,-2.615942576,111.4543594,-2.616400251,2010
ground_1023,110.1390472,-1.39276341,110.1285576,-1.393383719,2013
ground_1024,110.136811,-1.38762433,110.1282452,-1.387413106,2013
ground_1077,109.82744,-0.60713,109.82713,-0.58914,2015
ground_1078,109.82713,-0.58914,109.81138,-0.60933,2015
ground_1100,110.64948,-1.32075,110.64873,-1.305,2015
ground_1111,111.91922,-2.74072,NA,NA,2008
ground_1112,111.91922,-2.74072,NA,NA,2008
ground_1113,111.91922,-2.74072,NA,NA,2008
ground_1114,111.91922,-2.74072,NA,NA,2008
ground_1115,111.91922,-2.74072,NA,NA,2008
ground_1116,111.91922,-2.74072,NA,NA,2008
ground_1117,111.90887,-2.66698,NA,NA,2008
ground_1118,111.90887,-2.66698,NA,NA,2008
ground_1119,111.90887,-2.66698,NA,NA,2008
ground_1120,111.90887,-2.66698,NA,NA,2008
ground_1121,111.90887,-2.66698,NA,NA,2008
ground_1122,111.90887,-2.66698,NA,NA,2008
ground_1123,111.80941,-2.887,NA,NA,2008
ground_1124,111.80941,-2.887,NA,NA,2008
ground_1125,111.80941,-2.887,NA,NA,2008
ground_1126,111.80941,-2.887,NA,NA,2008
ground_1127,111.80941,-2.887,NA,NA,2008
ground_1128,111.80941,-2.887,NA,NA,2008
ground_1129,111.84145,-2.91592,NA,NA,2008
ground_1130,111.84145,-2.91592,NA,NA,2008
ground_1131,111.84145,-2.91592,NA,NA,2008
ground_1132,111.84145,-2.91592,NA,NA,2008
ground_1133,111.84145,-2.91592,NA,NA,2008
ground_1134,111.84145,-2.91592,NA,NA,2008
ground_1135,111.87535,-3.06397,NA,NA,2008
ground_1136,111.87535,-3.06397,NA,NA,2008
ground_1137,111.87535,-3.06397,NA,NA,2008
ground_1138,111.87535,-3.06397,NA,NA,2008
ground_1139,111.87535,-3.06397,NA,NA,2008
ground_1140,111.87535,-3.06397,NA,NA,2008
ground_1141,117.6614167,5.139833333,NA,NA,2007
ground_1142,117.56575,5.158527778,NA,NA,2007
ground_1143,117.6439722,5.146166667,117.6372222,5.151416667,2007
ground_1144,117.6470278,5.154861111,NA,NA,2007
ground_1145,117.6460556,5.149888889,117.6536111,5.144555556,2007
ground_1146,117.6729167,5.177,NA,NA,2007
ground_1147,117.6353333,5.138666667,117.6330278,5.147777778,2007
ground_1148,117.6928889,5.1575,117.6901111,5.164694444,2007
ground_1149,117.6679444,5.167472222,117.6679444,5.170388889,2007
ground_1150,117.673,5.145277778,NA,NA,2007
ground_1151,117.6653056,5.13425,117.6588889,5.13125,2007
ground_1153,117.6648889,5.132166667,117.6735833,5.132222222,2007
ground_1154,117.6499167,5.105083333,NA,NA,2007
ground_1155,117.6734444,5.18075,NA,NA,2007
ground_1156,117.6044167,5.069805556,117.6079444,5.069916667,2006
ground_1157,117.6105,5.082222222,NA,5.082694444,2006
ground_1158,117.6191111,5.086333333,117.6191389,5.083083333,2006
ground_1159,117.6110833,5.086583333,NA,NA,2006
ground_1160,117.6221944,5.135916667,NA,NA,2006
ground_1161,117.6174167,5.095166667,NA,NA,2006
ground_1162,117.5838889,5.092027778,NA,NA,2006
ground_1163,117.6426944,5.089944444,NA,NA,2006
ground_1164,117.6546944,5.08875,NA,NA,2006
ground_1165,117.6233333,5.275,NA,NA,2006
ground_1166,117.6264444,5.274666667,117.6264444,5.274666667,2006
ground_1167,117.6224167,5.254444444,117.6185556,5.259916667,2006
ground_1168,117.6344167,5.2465,117.6325,5.250333333,2006
ground_1169,117.6183333,5.269444444,NA,NA,2006
ground_1170,117.6161111,5.268611111,117.6183333,5.269444444,2006
ground_1171,117.6274722,5.295416667,NA,NA,2006
ground_1172,117.6538889,5.270333333,NA,NA,2006
ground_1173,117.4523333,5.292111111,117.4523333,5.292111111,2006
ground_1174,117.7513333,5.073444444,117.7506944,5.064722222,2006
ground_1175,117.9396389,5.058583333,117.944,5.057694444,2006
ground_1176,117.8649722,5.096138889,117.8708333,5.095416667,2006
ground_1177,117.91125,5.058611111,117.91125,5.055138889,2006
ground_1178,118.0044167,5.068,NA,NA,2006
ground_1179,118.0090278,5.048166667,117.99825,5.051833333,2006
ground_1180,117.9801389,5.048166667,NA,NA,2006
ground_1181,117.86775,5.127972222,117.8638056,5.125222222,2006
ground_1182,118.0891667,4.964305556,118.0927778,4.9715,2006
ground_1183,118.0073611,4.974305556,NA,NA,2007
ground_1184,117.9354722,4.969055556,117.9341667,4.973916667,2007
ground_1185,117.5476944,4.917083333,NA,NA,2007
ground_1186,117.5633056,4.9165,NA,NA,2007
ground_1187,117.5339722,4.899305556,117.5417778,4.898972222,2007
ground_1188,117.5742778,4.938166667,117.5681944,4.948333333,2007
ground_1189,117.5685833,4.942722222,NA,NA,2007
ground_1190,117.5099444,4.808472222,NA,NA,2007
ground_1191,117.5094444,4.808194444,117.5061389,4.801527778,2007
ground_1192,117.5141667,4.836611111,117.5101944,4.839111111,2007
ground_1193,117.5153611,4.836083333,117.5178611,4.832888889,2007
ground_1194,117.5766389,5.244305556,117.5738056,5.233083333,2007
ground_1195,117.6054444,5.2635,117.5986111,5.256472222,2007
ground_1196,117.5815833,5.233555556,117.5815833,5.233555556,2007
ground_1197,117.6168333,5.25025,117.6104167,5.243277778,2007
ground_1198,117.5970833,5.227555556,NA,NA,2007
ground_1199,117.5768056,5.253027778,117.5751944,5.254916667,2007
ground_1200,117.5738611,5.25675,117.5738333,5.260277778,2007
ground_1201,118.0683333,5.134138889,118.0667222,5.139111111,2007
ground_1202,118.0256111,5.133666667,118.0214167,5.128194444,2007
ground_1203,117.887,5.191027778,NA,NA,2007
ground_1204,117.8667778,5.185527778,NA,NA,2007
ground_1205,117.9406944,5.197861111,117.9403889,5.193916667,2007
ground_1206,117.9415,5.19125,117.9411667,5.184027778,2007
ground_1207,117.8909722,5.186611111,117.8936944,5.195138889,2007
ground_1208,117.927,5.198527778,NA,NA,2007
ground_1209,117.9193611,5.183111111,117.9194444,5.193472222,2007
ground_1210,117.927,5.198527778,117.9245556,5.190416667,2007
ground_1211,117.9748889,5.184722222,117.9745278,5.190444444,2007
ground_1212,118.6187778,5.580333333,118.6271389,5.580166667,2006
ground_1213,118.6389444,5.573444444,118.6366944,5.564666667,2006
ground_1214,118.5972222,5.624555556,118.5972222,5.624555556,2006
ground_1215,118.6128333,5.620388889,118.6128333,5.620388889,2006
ground_1216,118.6308333,5.579,118.6264722,5.581222222,2006
ground_1217,118.6384167,5.611666667,NA,NA,2006
ground_1218,118.7423889,5.052833333,118.7423889,5.052833333,2002
ground_1219,118.7253889,5.046222222,118.7342222,5.04625,2002
ground_1220,118.6977778,5.014777778,118.709,5.014916667,2002
ground_1221,118.7289167,5.037805556,118.7289167,5.037805556,2002
ground_1222,118.08475,5.540638889,118.09825,5.540666667,2003
ground_1223,118.0893889,5.544361111,NA,NA,2003
ground_1224,118.0789444,5.522611111,118.0745278,5.521861111,2003
ground_1225,117.5466944,5.579805556,117.5460833,5.569388889,2003
ground_1226,117.5751389,5.580861111,NA,NA,2003
ground_1227,117.6281389,5.555138889,117.6281389,5.555138889,2003
ground_1228,117.5783611,5.549444444,NA,NA,2003
ground_1229,117.5643889,5.588555556,NA,NA,2003
ground_1230,117.5476111,5.582416667,117.5476111,5.582416667,2003
ground_1231,117.593,5.579916667,117.6018333,5.579388889,2003
ground_1232,117.5817778,5.522833333,117.5817778,5.522833333,2003
ground_1233,117.3323889,5.38025,117.3457778,5.379472222,2002
ground_1234,117.2741111,5.327055556,NA,NA,2002
ground_1235,117.3049444,5.352916667,117.3050833,5.342777778,2002
ground_1236,117.3088889,5.427222222,117.3241111,5.426416667,2002
ground_1237,117.2181667,5.446027778,117.2060556,5.448388889,2002
ground_1238,117.2250278,5.472222222,117.2167778,5.473,2002
ground_1239,117.2433056,5.477694444,117.2432222,5.486722222,2002
ground_1240,117.3093333,5.441972222,117.3093056,5.452027778,2002
ground_1241,117.7252778,5.4,NA,NA,2002
ground_1242,117.5438889,5.54,117.5438889,5.54,2002
ground_1243,117.7308333,5.622222222,117.7308333,5.622222222,2002
ground_1244,117.7047222,5.465833333,117.7047222,5.465833333,2002
ground_1245,117.4247222,5.576111111,117.4247222,5.576111111,2002
ground_1246,117.4936111,5.522777778,117.4936111,5.522777778,2002
ground_1247,117.5622222,5.619722222,117.5622222,5.619722222,2002
ground_1248,116.7095,6.096444444,NA,NA,2002
ground_1249,116.7143056,6.088916667,NA,NA,2002
ground_1250,117.9435556,4.628777778,117.9566111,4.62825,2002
ground_1251,117.9427222,4.6285,117.9298333,4.628138889,2002
ground_1252,117.9436944,4.611055556,117.9455556,4.611055556,2002
ground_1253,117.9443889,4.632027778,117.9445556,4.64425,2002
ground_1254,116.9831667,4.363916667,116.9832222,4.3555,2002
ground_1255,116.9885,4.361527778,NA,NA,2002
ground_1256,117.3783333,4.846388889,117.3783333,4.846388889,2003
ground_1257,117.3645833,4.849861111,NA,NA,2003
ground_1258,117.3575,4.826888889,NA,NA,2003
ground_1259,117.3646667,4.862305556,117.3646667,4.862305556,2003
ground_1260,117.3635833,4.873,117.3635833,4.873,2003
ground_1261,117.3604167,4.83625,NA,NA,2003
ground_1262,117.3615278,4.841916667,117.3503889,4.84275,2003
ground_1263,117.3996944,4.834888889,NA,NA,2003
ground_1264,117.2113889,4.756666667,117.2091667,4.770277778,2002
ground_1265,118.3671389,5.648527778,NA,NA,2002
ground_1266,118.3671389,5.648527778,NA,NA,2002
ground_1267,118.3877778,5.625,NA,NA,2002
ground_1268,118.3583333,5.625,NA,NA,2002
ground_1269,118.3583333,5.625,NA,NA,2001
ground_1270,118.375,5.625,NA,NA,2001
ground_1271,118.4239722,5.640666667,NA,NA,2001
ground_1272,118.4239722,5.640666667,NA,NA,2001
ground_1273,118.3972222,5.633333333,NA,NA,2002
ground_1274,118.3833333,5.620277778,NA,NA,2002
ground_1275,118.3558333,5.6215,NA,NA,2001
ground_1276,118.3558333,5.6215,NA,NA,2001
ground_1277,118.3633056,5.635944444,NA,NA,2001
ground_1278,118.3550556,5.642583333,NA,NA,2001
ground_1279,118.3653056,5.65625,NA,NA,2001
ground_1280,118.3025,5.496861111,NA,NA,2001
ground_1281,118.3025,5.496861111,NA,NA,2001
ground_1282,118.3008333,5.538888889,NA,NA,2001
ground_1283,118.2936111,5.524444444,NA,NA,2001
ground_1284,118.2404167,5.478472222,NA,NA,2001
ground_1285,118.2363333,5.469416667,NA,NA,2001
ground_1286,118.2495556,5.459611111,NA,NA,2001
ground_1287,118.2495556,5.459611111,NA,NA,2001
ground_1288,118.2495556,5.459611111,NA,NA,2001
ground_1289,118.2546111,5.474916667,NA,NA,2001
ground_1290,118.2546111,5.474916667,NA,NA,2001
ground_1291,118.1047222,5.441666667,NA,NA,2001
ground_1292,118.1041667,5.458611111,NA,NA,2001
ground_1293,118.1036111,5.461111111,NA,NA,2001
ground_1294,118.1036111,5.461111111,NA,NA,2001
ground_1295,118.1094444,5.462777778,NA,NA,2001
ground_1296,118.1094444,5.462777778,NA,NA,2001
ground_1297,118.1166667,5.462222222,NA,NA,2001
ground_1298,118.1617778,5.459333333,NA,NA,2001
ground_1299,118.1617778,5.459333333,NA,NA,2001
ground_1300,118.1515556,5.4795,NA,NA,2001
ground_1301,118.1474444,5.471472222,NA,NA,2001
ground_1302,118.1619167,5.459666667,NA,NA,2001
ground_1303,118.1878056,5.476916667,NA,NA,2001
ground_1304,118.1795556,5.4545,NA,NA,2001
ground_1305,118.1857778,5.4585,NA,NA,2001
ground_1306,118.1674722,5.457944444,NA,NA,2001
ground_1307,118.0827222,5.465388889,NA,NA,2001
ground_1308,118.0776667,5.412611111,NA,NA,2001
ground_1309,118.1094444,5.462777778,NA,NA,2001
ground_1310,118.1213889,5.441666667,NA,NA,2001
ground_1311,118.0086667,5.404555556,NA,NA,2001
ground_1312,118.0040556,5.405944444,NA,NA,2001
ground_1313,117.9980556,5.405166667,NA,NA,2001
ground_1314,118.0098333,5.399527778,NA,NA,2001
ground_1315,117.9910833,5.404611111,NA,NA,2001
ground_1316,117.9782778,5.403666667,NA,NA,2001
ground_1317,117.9788056,5.411222222,NA,NA,2001
ground_1318,118.0717222,5.402833333,NA,NA,2001
ground_1319,118.07175,5.395277778,NA,NA,2001
ground_1320,118.0556667,5.415611111,NA,NA,2001
ground_1321,118.0441111,5.412277778,NA,NA,2001
ground_1322,118.0391389,5.421138889,NA,NA,2001
ground_1323,117.9898889,5.405416667,NA,NA,2001
ground_1324,117.9854444,5.411722222,NA,NA,2001
ground_1325,117.9988889,5.406138889,NA,NA,2001
ground_1326,117.9988889,5.406138889,NA,NA,2001
ground_1327,118.0137778,5.398305556,NA,NA,2001
ground_1328,118.0137778,5.398305556,NA,NA,2001
ground_1329,117.9132778,5.500277778,NA,NA,2001
ground_1330,117.9132778,5.500277778,NA,NA,2001
ground_1331,117.9132778,5.500277778,NA,NA,2001
ground_1332,117.9132778,5.500277778,NA,NA,2001
ground_1333,117.7989167,5.46825,NA,NA,2001
ground_1334,117.7989167,5.46825,NA,NA,2001
ground_1335,117.7929444,5.451722222,NA,NA,2001
ground_1336,117.7886667,5.458916667,NA,NA,2001
ground_1337,117.8492778,5.477166667,NA,NA,2001
ground_1338,117.8255278,5.482722222,NA,NA,2001
ground_1339,117.8130833,5.483361111,NA,NA,2001
ground_1340,117.7990833,5.463194444,NA,NA,2001
ground_1341,117.6993056,5.441583333,NA,NA,2001
ground_1342,117.6993056,5.441583333,NA,NA,2001
ground_1343,117.6993056,5.441583333,NA,NA,2001
ground_1344,117.6993056,5.441583333,NA,NA,2001
ground_1345,117.6993056,5.441583333,NA,NA,2001
ground_1346,117.6931111,5.440222222,NA,NA,2001
ground_1347,117.7007222,5.433166667,NA,NA,2001
ground_1348,117.7143889,5.437083333,NA,NA,2001
ground_1349,117.6929167,5.4515,NA,NA,2001
ground_1350,118.0245556,5.411166667,NA,NA,2001
ground_1353,112.1195308,-1.255777146,NA,NA,2010
ground_1354,112.1195308,-1.255777146,NA,NA,2010
ground_1355,112.1195308,-1.255777146,NA,NA,2010
ground_1356,112.101444,-1.266277762,NA,NA,2010
ground_1357,112.101444,-1.266277762,NA,NA,2010
ground_1358,112.1083576,-1.411718384,NA,NA,2009
ground_1359,112.1083576,-1.411718384,NA,NA,2009
ground_1360,112.1083576,-1.411718384,NA,NA,2009
ground_1361,112.1083576,-1.411718384,NA,NA,2009
ground_1362,112.1083576,-1.411718384,NA,NA,2009
ground_1363,112.1083576,-1.411718384,NA,NA,2009
ground_1364,112.1440322,-1.341309321,NA,NA,2009
ground_1365,112.1440322,-1.341309321,NA,NA,2009
ground_1366,112.1440322,-1.341309321,NA,NA,2009
ground_1367,116.2477569,0.313154606,NA,NA,2010
ground_1368,116.2549012,0.309120363,NA,NA,2010
ground_1369,116.4111912,0.290529962,NA,NA,2010
ground_1370,116.4109854,0.274010439,NA,NA,2010
ground_1371,116.4109768,0.264592688,NA,NA,2010
ground_1372,116.3925926,0.222497034,NA,NA,2010
ground_1373,116.3834902,0.205913897,NA,NA,2010
ground_1374,116.3559025,0.201561318,NA,NA,2010
ground_1375,116.3193357,0.244232962,NA,NA,2011
ground_1376,116.3358542,0.204220238,NA,NA,2011
ground_1377,116.2827074,0.257629056,NA,NA,2010
ground_1378,116.2091526,0.315386217,NA,NA,2010
ground_1379,116.2184337,0.334873005,NA,NA,2010
ground_1380,116.3890579,0.289406976,NA,NA,2010
ground_1381,116.3969484,0.278650748,NA,NA,2010
ground_1382,116.4035718,0.270861777,NA,NA,2010
ground_1383,116.3723989,0.257127202,NA,NA,2010
ground_1384,116.3759219,0.248587224,NA,NA,2010
ground_1385,116.3190464,0.278203187,NA,NA,2010
ground_1386,111.74375,-2.153963617,NA,NA,2014
ground_1387,111.7626754,-2.128959056,NA,NA,2014
ground_1388,111.7626754,-2.128959056,NA,NA,2014
ground_1389,111.7177739,-2.140505946,NA,NA,2014
ground_1390,111.895051,-2.009397722,NA,NA,2014
ground_1391,111.813611,-2.032644285,NA,NA,2014
ground_1392,111.74375,-2.153963617,NA,NA,2014
ground_1393,111.7626754,-2.128959056,NA,NA,2014
ground_1394,111.7626754,-2.128959056,NA,NA,2014
ground_1395,111.7177739,-2.140505946,NA,NA,2014
ground_1396,111.6356303,-2.165927237,NA,NA,2014
ground_1397,111.895051,-2.009397722,NA,NA,2014
ground_1398,111.813611,-2.032644285,NA,NA,2014
ground_1399,111.8552347,-1.985582464,NA,NA,2014
ground_1400,111.8387494,-1.976499498,NA,NA,2014
ground_1401,110.1315275,-1.383108322,110.1178743,-1.38294947,2013
ground_1402,110.1336415,-1.378323649,110.1115303,-1.37838782,2013
ground_1403,110.1327531,-1.374225386,110.1163224,-1.374599266,2013
ground_1404,110.1302108,-1.370497416,110.1131331,-1.370427791,2013
ground_1405,113.0481452,-1.762019736,113.0567443,-1.762299524,2013
ground_1406,112.9954646,-1.71111816,112.998944,-1.704505032,2013
ground_1407,113.0183759,-1.727350817,113.0152053,-1.719976251,2013
ground_1408,113.0322629,-1.757073452,113.0581414,-1.75817511,2013
ground_1409,113.7381655,-1.515677601,113.7293206,-1.515625585,2010
ground_1410,113.7367665,-1.524228266,NA,NA,2010
ground_1411,113.7372418,-1.509470445,NA,NA,2010
ground_1412,113.7450284,-1.510554016,NA,NA,2010
ground_1413,113.7450894,-1.51624713,113.7543743,-1.516289476,2010
ground_1414,113.7377857,-1.50639722,113.7474217,-1.507171209,2010
ground_1415,113.7351681,-1.531324267,NA,NA,2010
ground_1416,113.0741365,-2.251818543,113.081283,-2.252739538,2010
ground_1417,113.0744712,-2.240597906,113.0817784,-2.240741178,2010
ground_1418,113.0739909,-2.244151792,113.0811371,-2.244882958,2010
ground_1419,113.0729462,-2.261756559,113.0759498,-2.26294568,2010
ground_1420,113.0731975,-2.255128977,113.074861,-2.261979837,2010
ground_1421,113.1112323,-2.52505615,113.1112271,-2.52183757,2010
ground_1422,113.1111612,-2.52555352,NA,NA,2010
ground_1423,113.111044,-2.525327687,113.1038086,-2.525972358,2010
ground_1424,113.1154489,-2.530998203,113.115437,-2.523611764,2010
ground_1425,113.1154941,-2.531115662,113.1152837,-2.534406914,2010
ground_1426,113.1214176,-2.525310701,NA,NA,2010
ground_1428,111.3178594,-1.727878242,111.3268501,-1.727876707,2015
ground_1429,111.2620956,-1.633787498,111.2710858,-1.633786298,2015
ground_1430,111.2621018,-1.680832639,111.2710922,-1.680831404,2015
ground_1431,111.2621283,-1.869031061,111.2711197,-1.869029688,2015
ground_1432,111.206351,-1.586748685,111.2153411,-1.586747763,2015
ground_1433,111.2620896,-1.586742335,111.2710796,-1.58674117,2015
ground_1434,111.2621214,-1.821976968,111.2711125,-1.821975629,2015
ground_1435,111.2063557,-1.633794036,111.215346,-1.633793087,2015
ground_1436,111.3178517,-1.68082431,111.3268421,-1.680822817,2015
ground_1437,111.2621081,-1.727886803,111.2710988,-1.727885534,2015
ground_1438,111.3714796,-1.728058443,111.3806139,-1.727287626,2015
ground_1439,111.4828574,-1.666459967,111.4924767,-1.665896664,2015
ground_1440,111.5408171,-1.633722419,111.5496274,-1.634425665,2015
ground_1441,111.3181336,-1.586951558,111.3269977,-1.58678732,2015
ground_1442,111.5497855,-1.586685536,111.5408047,-1.58667887,2015
ground_1443,111.4829915,-1.548822846,111.4917565,-1.549128413,2015
ground_1444,111.4383819,-1.445208432,111.4293118,-1.445499679,2015
ground_1445,111.2356812,-1.625838334,111.2446714,-1.625837258,2015
ground_1446,111.4849262,-1.633736773,111.4916961,-1.635589733,2015
ground_1447,111.4924396,-1.586980524,111.5020946,-1.586589172,2015
ground_1448,111.5692598,-1.596043669,111.5607378,-1.597167828,2015
ground_1449,111.3177489,-1.539707629,111.3264601,-1.539778682,2015
ground_1450,111.5496563,-1.539569692,111.54135,-1.539725627,2015
ground_1451,111.5471992,-1.491748756,NA,NA,2015
ground_1452,111.4953234,-1.460485942,111.4856778,-1.46001762,2015
ground_1453,113.4377597,-2.688565015,113.4469006,-2.688447197,2015
ground_1454,113.5617547,-2.572423697,113.5707413,-2.572405516,2015
ground_1455,113.5619913,-2.688309181,113.568623,-2.687789038,2015
ground_1456,113.6847252,-1.992875607,113.69386,-1.992833483,2015
ground_1457,113.3260021,-2.920578438,113.3259505,-2.921717537,2015
ground_1458,113.8191248,-2.57187783,113.81014,-2.571897765,2015
ground_1459,113.8096739,-2.45488863,113.818876,-2.456025771,2015
ground_1460,113.9432968,-2.571595809,113.9340341,-2.571463666,2015
ground_1461,113.5715032,-2.920085842,113.5725996,-2.919965826,2015
ground_1462,113.4374633,-2.456888974,113.4464142,-2.456926749,2015
ground_1463,113.9430394,-2.45683165,113.9338379,-2.455550938,2015
ground_1464,113.9427894,-2.339916901,113.933932,-2.339565127,2015
ground_1465,113.5702979,-2.340626465,113.5613759,-2.340769423,2015
ground_1466,113.8103816,-2.68779571,113.8197179,-2.68789153,2015
ground_1467,113.9345929,-2.68749278,113.9436401,-2.68731728,2015
ground_1468,113.8186387,-2.340173486,113.8096554,-2.340191623,2015
ground_1469,113.6857076,-2.456292682,113.6674495,-2.456130655,2015
ground_1470,113.6944747,-2.340419047,113.6856964,-2.340074502,2015
ground_1471,113.6939282,-2.10868069,113.6852149,-2.108722954,2015
ground_1472,113.5609756,-2.108870404,113.5701571,-2.10891844,2015
ground_1473,113.6942588,-2.224554379,113.6854828,-2.225013302,2015
ground_1474,112.3751681,1.05072961,112.3842615,1.050725568,2015
ground_1475,112.3553677,1.017996371,112.3644971,1.018064853,2015
ground_1476,112.3746279,0.962517222,112.3835415,0.962667352,2015
ground_1477,112.3745059,0.926266236,112.3834642,0.926262727,2015
ground_1478,112.3183666,0.930719699,112.3274959,0.930571534,2015
ground_1479,112.3524704,1.071859069,112.3626681,1.069222508,2015
ground_1480,112.3616132,1.040307033,112.3518097,1.039967575,2015
ground_1481,112.3789442,1.035107828,112.3892507,1.035030943,2015
ground_1482,112.3836118,0.980783725,112.3753093,0.980922839,2015
ground_1483,112.3833583,0.883834373,112.3934667,0.884192353,2015
ground_1484,112.2960273,0.927471848,112.2875,0.927583521,2015
ground_1485,112.2861872,1.262773134,112.2953985,1.26271426,2015
ground_1486,112.315492,1.243718918,112.324766,1.243705204,2015
ground_1487,112.3554912,1.262629154,112.3464957,1.26257959,2015
ground_1488,112.3248654,1.262645044,112.3157083,1.26297534,2015
ground_1489,112.2809118,1.243627498,112.2899073,1.243623089,2015
ground_1490,112.3048529,1.089653134,112.3140094,1.089151659,2014
ground_1491,112.2557133,1.243766316,112.2644747,1.605238165,2014
ground_1492,112.290485,1.112470783,112.290485,1.112470783,2014
ground_1493,112.2426391,1.227545579,112.2336706,1.227947746,2014
ground_1494,112.2501492,1.120158518,112.2400397,1.120452286,2014
ground_1495,112.2494998,1.216498284,112.2524203,1.216162252,2014
ground_1496,112.2602423,1.123808378,112.2707383,1.123894251,2014
ground_1497,112.2297706,1.20877378,112.2184209,1.209828175,2014
ground_1498,113.1947475,0.894452398,113.1845987,0.894458496,2015
ground_1499,113.2327557,0.894799966,113.242967,0.894793693,2015
ground_1500,113.1901307,0.893677681,113.1976929,0.893673132,2015
ground_1501,113.1945856,0.894063749,113.1827304,0.894070866,2015
ground_1502,113.1475676,0.892934513,113.137176,0.892940611,2015
ground_1503,113.1475142,0.89370302,113.1387842,0.89370815,2015
ground_1504,113.1960859,0.894804176,113.1870239,0.894818668,2015
ground_1505,113.1809786,0.893303455,113.1890617,0.893298615,2015
ground_1506,114.4350815,-2.151686333,NA,NA,2004
ground_1507,114.4350815,-2.151686333,NA,NA,2014
ground_1508,113.1751973,-0.76678183,113.1746316,-0.766935812,2014
ground_1509,112.0757857,1.386860805,112.0931117,1.393307692,2002
ground_1510,112.0731666,1.395725275,112.0931117,1.393307692,2002
ground_1511,112.0931117,1.393307692,112.117489,1.392098901,2002
ground_1512,112.1549615,1.388472527,112.1452912,1.369131864,2002
ground_1513,112.1340091,1.375981682,112.134412,1.363692303,2002
ground_1514,112.1372326,1.367117212,112.1622142,1.362080581,2002
ground_1515,112.1273608,1.343747245,112.1360238,1.328637352,2002
ground_1516,112.1203095,1.369333329,112.1154743,1.347172154,2002
ground_1517,114.4645833,-2.154566667,114.46485,-2.16755,2014
ground_1518,114.4428833,-2.15105,114.4435333,-2.138066667,2014
ground_1519,114.4537,-2.153066667,114.4533167,-2.167933333,2014
ground_1520,114.4686667,-2.15335,114.4690333,-2.138733333,2014
ground_1521,114.4429667,-2.15305,114.4421167,-2.163333333,2014
ground_1522,114.4687,-2.153583333,114.4690333,-2.167583333,2014
ground_1523,114.4573167,-2.152883333,114.4581,-2.139116667,2014
ground_1524,114.4648833,-2.152733333,114.4652167,-2.139833333,2014
ground_1525,114.4536,-2.1525,114.45395,-2.13875,2014
ground_1526,114.4464667,-2.15355,114.4462667,-2.166933333,2014
ground_1527,114.4575,-2.153483333,114.4467167,-2.138516667,2014
ground_1528,114.4466,-2.15215,114.4467167,-2.138516667,2014
ground_1529,118.3583333,5.625,NA,NA,2001
ground_1530,118.3671389,5.648333333,NA,NA,2001
ground_1531,118.3653056,5.656111111,NA,NA,2001
ground_1532,118.3558333,5.621388889,NA,NA,2001
ground_1533,118.235,5.503333333,NA,NA,2001
ground_1534,118.0980556,5.448611111,NA,NA,2001
ground_1535,117.8641667,5.479166667,NA,NA,2001
ground_1536,117.6907222,5.4625,NA,NA,2001
ground_1537,118.0333333,5.538888889,NA,NA,1999
ground_1538,118.3033333,5.524166667,NA,NA,1999
ground_1539,118.30675,5.505,NA,NA,1999
ground_1540,118.3040556,5.503333333,NA,NA,1999
ground_1541,118.3065833,5.505277778,NA,NA,1999
ground_1542,118.0333333,5.538888889,NA,NA,1999
ground_1543,118.3033333,5.524166667,NA,NA,1999
ground_1544,118.30675,5.505,NA,NA,1999
ground_1545,118.3040556,5.503333333,NA,NA,1999
ground_1546,118.3065833,5.505277778,NA,NA,1999
ground_1547,118.37025,5.631944444,NA,NA,1999
ground_1548,118.3705,5.631944444,NA,NA,1999
ground_1549,118.3702778,5.632777778,NA,NA,1999
ground_1550,118.37025,5.631944444,NA,NA,1999
ground_1551,118.3705,5.631944444,NA,NA,1999
ground_1552,118.3702778,5.632777778,NA,NA,1999
ground_1553,118.3043889,5.555833333,NA,NA,1999
ground_1554,118.3108333,5.649444444,NA,NA,1999
ground_1555,118.2989167,5.547777778,NA,NA,1999
ground_1556,118.2944167,5.54,NA,NA,1999
ground_1557,118.3073333,5.546388889,NA,NA,1999
ground_1558,118.3013889,5.541111111,NA,NA,1999
ground_1559,118.2944167,5.54,NA,NA,1999
ground_1560,118.3108333,5.649444444,NA,NA,1999
ground_1561,118.3043889,5.555833333,NA,NA,1999
ground_1562,118.3013889,5.541111111,NA,NA,1999
ground_1563,118.2989167,5.547777778,NA,NA,1999
ground_1564,118.3073333,5.546388889,NA,NA,1999
ground_1565,118.3108333,5.649444444,NA,NA,2000
ground_1566,118.3013889,5.541111111,NA,NA,2000
ground_1567,118.3073333,5.546388889,NA,NA,2000
ground_1568,118.2989167,5.547777778,NA,NA,2000
ground_1569,118.2944167,5.54,NA,NA,2000
ground_1570,118.3043889,5.555833333,NA,NA,2000
ground_1571,118.3108333,5.649444444,NA,NA,2000
ground_1572,118.3043889,5.555833333,NA,NA,2000
ground_1573,118.2944167,5.54,NA,NA,2000
ground_1574,118.3013889,5.541111111,NA,NA,2000
ground_1575,118.3073333,5.546388889,NA,NA,2000
ground_1576,118.2989167,5.547777778,NA,NA,2000
ground_1577,118.2989167,5.547777778,NA,NA,2002
ground_1578,118.3073333,5.546388889,NA,NA,2002
ground_1579,118.3043889,5.555833333,NA,NA,2002
ground_1580,118.3013889,5.541111111,NA,NA,2002
ground_1581,118.2944167,5.54,NA,NA,2002
ground_1582,117.2455556,4.614722222,NA,NA,2002
ground_1583,117.2455556,4.614722222,NA,NA,2002
ground_1584,117.27,4.59,NA,NA,2002
ground_1585,117.1952778,4.614722222,NA,NA,2002
ground_1586,117.16,4.571388889,NA,NA,2002
ground_1587,117.1719444,4.598055556,NA,NA,2002
ground_1588,115.6763889,4.576388889,NA,NA,2002
ground_1589,117.3077778,5.328888889,NA,NA,2002
ground_1590,117.5763889,5.3375,NA,NA,2002
ground_1591,117.4780556,5.375833333,NA,NA,2002
ground_1592,117.4652778,5.437777778,NA,NA,2002
ground_1593,117.4163889,5.366111111,NA,NA,2002
ground_1594,117.3494444,5.439444444,NA,NA,2002
ground_1595,117.4938889,5.336111111,NA,NA,2002
ground_1596,117.5227778,5.355833333,NA,NA,2002
ground_1597,117.4661111,5.320833333,NA,NA,2002
ground_1598,117.4828333,4.857333333,NA,NA,2001
ground_1599,117.4825,4.856333333,NA,NA,2001
ground_1600,117.4943333,4.803,NA,NA,2001
ground_1601,117.4553333,4.821,NA,NA,2001
ground_1602,117.4858333,4.868,NA,NA,2001
ground_1603,117.4921667,4.8795,NA,NA,2001
ground_1604,117.4921667,4.8795,NA,NA,2001
ground_1605,117.4921667,4.8795,NA,NA,2001
